Customer_ID,Credit_Score,Borrow Loan Type,Loan Type After 1 year
1,62,Good Loan,Good Loan
2,36,Good Loan,High Risk Loan
3,59,Good Loan,Low Risk Loan
4,11,Good Loan,Bad Loan
5,86,Good Loan,Paid
6,71,High Risk Loan,Good Loan
7,23,High Risk Loan,High Risk Loan
8,48,High Risk Loan,Low Risk Loan
9,6,High Risk Loan,Bad Loan
10,91,High Risk Loan,Paid
11,66,Low Risk Loan,Good Loan
12,29,Low Risk Loan,High Risk Loan
13,52,Low Risk Loan,Low Risk Loan
14,15,Low Risk Loan,Bad Loan
15,84,Low Risk Loan,Paid
16,70,Good Loan,Good Loan
17,40,Good Loan,High Risk Loan
18,42,Good Loan,Low Risk Loan
19,6,Good Loan,Bad Loan
20,81,Good Loan,Paid
21,63,High Risk Loan,Good Loan
22,35,High Risk Loan,High Risk Loan
23,47,High Risk Loan,Low Risk Loan
24,11,High Risk Loan,Bad Loan
25,87,High Risk Loan,Paid
26,63,Low Risk Loan,Good Loan
27,31,Low Risk Loan,High Risk Loan
28,53,Low Risk Loan,Low Risk Loan
29,16,Low Risk Loan,Bad Loan
30,88,Low Risk Loan,Paid
31,76,Good Loan,Good Loan
32,27,Good Loan,High Risk Loan
33,41,Good Loan,Low Risk Loan
34,13,Good Loan,Bad Loan
35,92,Good Loan,Paid
36,75,High Risk Loan,Good Loan
37,28,High Risk Loan,High Risk Loan
38,41,High Risk Loan,Low Risk Loan
39,13,High Risk Loan,Bad Loan
40,81,High Risk Loan,Paid
41,73,Low Risk Loan,Good Loan
42,24,Low Risk Loan,High Risk Loan
43,45,Low Risk Loan,Low Risk Loan
44,12,Low Risk Loan,Bad Loan
45,84,Low Risk Loan,Paid
46,62,Good Loan,Good Loan
47,40,Good Loan,High Risk Loan
48,54,Good Loan,Low Risk Loan
49,7,Good Loan,Bad Loan
50,95,Good Loan,Paid
51,67,High Risk Loan,Good Loan
52,22,High Risk Loan,High Risk Loan
53,53,High Risk Loan,Low Risk Loan
54,10,High Risk Loan,Bad Loan
55,88,High Risk Loan,Paid
56,65,Low Risk Loan,Good Loan
57,27,Low Risk Loan,High Risk Loan
58,42,Low Risk Loan,Low Risk Loan
59,17,Low Risk Loan,Bad Loan
60,86,Low Risk Loan,Paid
61,69,Good Loan,Good Loan
62,36,Good Loan,High Risk Loan
63,47,Good Loan,Low Risk Loan
64,11,Good Loan,Bad Loan
65,94,Good Loan,Paid
66,67,High Risk Loan,Good Loan
67,39,High Risk Loan,High Risk Loan
68,41,High Risk Loan,Low Risk Loan
69,19,High Risk Loan,Bad Loan
70,81,High Risk Loan,Paid
71,66,Low Risk Loan,Good Loan
72,25,Low Risk Loan,High Risk Loan
73,60,Low Risk Loan,Low Risk Loan
74,5,Low Risk Loan,Bad Loan
75,84,Low Risk Loan,Paid
76,77,Good Loan,Good Loan
77,34,Good Loan,High Risk Loan
78,46,Good Loan,Low Risk Loan
79,15,Good Loan,Bad Loan
80,91,Good Loan,Paid
81,77,High Risk Loan,Good Loan
82,36,High Risk Loan,High Risk Loan
83,46,High Risk Loan,Low Risk Loan
84,6,High Risk Loan,Bad Loan
85,86,High Risk Loan,Paid
86,65,Low Risk Loan,Good Loan
87,35,Low Risk Loan,High Risk Loan
88,49,Low Risk Loan,Low Risk Loan
89,14,Low Risk Loan,Bad Loan
90,81,Low Risk Loan,Paid
91,77,Good Loan,Good Loan
92,39,Good Loan,High Risk Loan
93,59,Good Loan,Low Risk Loan
94,16,Good Loan,Bad Loan
95,93,Good Loan,Paid
96,71,High Risk Loan,Good Loan
97,22,High Risk Loan,High Risk Loan
98,52,High Risk Loan,Low Risk Loan
99,13,High Risk Loan,Bad Loan
100,82,High Risk Loan,Paid
101,72,Low Risk Loan,Good Loan
102,29,Low Risk Loan,High Risk Loan
103,50,Low Risk Loan,Low Risk Loan
104,12,Low Risk Loan,Bad Loan
105,89,Low Risk Loan,Paid
106,76,Good Loan,Good Loan
107,39,Good Loan,High Risk Loan
108,60,Good Loan,Low Risk Loan
109,7,Good Loan,Bad Loan
110,85,Good Loan,Paid
111,77,High Risk Loan,Good Loan
112,22,High Risk Loan,High Risk Loan
113,51,High Risk Loan,Low Risk Loan
114,19,High Risk Loan,Bad Loan
115,93,High Risk Loan,Paid
116,70,Low Risk Loan,Good Loan
117,25,Low Risk Loan,High Risk Loan
118,49,Low Risk Loan,Low Risk Loan
119,19,Low Risk Loan,Bad Loan
120,83,Low Risk Loan,Paid
121,61,Good Loan,Good Loan
122,21,Good Loan,High Risk Loan
123,47,Good Loan,Low Risk Loan
124,18,Good Loan,Bad Loan
125,94,Good Loan,Paid
126,73,High Risk Loan,Good Loan
127,30,High Risk Loan,High Risk Loan
128,45,High Risk Loan,Low Risk Loan
129,8,High Risk Loan,Bad Loan
130,87,High Risk Loan,Paid
131,62,Low Risk Loan,Good Loan
132,33,Low Risk Loan,High Risk Loan
133,44,Low Risk Loan,Low Risk Loan
134,19,Low Risk Loan,Bad Loan
135,86,Low Risk Loan,Paid
136,80,Good Loan,Good Loan
137,32,Good Loan,High Risk Loan
138,53,Good Loan,Low Risk Loan
139,11,Good Loan,Bad Loan
140,88,Good Loan,Paid
141,80,High Risk Loan,Good Loan
142,38,High Risk Loan,High Risk Loan
143,46,High Risk Loan,Low Risk Loan
144,20,High Risk Loan,Bad Loan
145,92,High Risk Loan,Paid
146,73,Low Risk Loan,Good Loan
147,35,Low Risk Loan,High Risk Loan
148,56,Low Risk Loan,Low Risk Loan
149,16,Low Risk Loan,Bad Loan
150,83,Low Risk Loan,Paid
151,62,Good Loan,Good Loan
152,25,Good Loan,High Risk Loan
153,46,Good Loan,Low Risk Loan
154,81,Good Loan,Paid
155,69,High Risk Loan,Good Loan
156,38,High Risk Loan,High Risk Loan
157,44,High Risk Loan,Low Risk Loan
158,14,High Risk Loan,Bad Loan
159,89,High Risk Loan,Paid
160,63,Low Risk Loan,Good Loan
161,23,Low Risk Loan,High Risk Loan
162,59,Low Risk Loan,Low Risk Loan
163,18,Low Risk Loan,Bad Loan
164,89,Low Risk Loan,Paid
165,74,Good Loan,Good Loan
166,33,Good Loan,High Risk Loan
167,42,Good Loan,Low Risk Loan
168,85,Good Loan,Paid
169,71,High Risk Loan,Good Loan
170,26,High Risk Loan,High Risk Loan
171,59,High Risk Loan,Low Risk Loan
172,18,High Risk Loan,Bad Loan
173,88,High Risk Loan,Paid
174,66,Low Risk Loan,Good Loan
175,23,Low Risk Loan,High Risk Loan
176,53,Low Risk Loan,Low Risk Loan
177,20,Low Risk Loan,Bad Loan
178,87,Low Risk Loan,Paid
179,71,Good Loan,Good Loan
180,25,Good Loan,High Risk Loan
181,47,Good Loan,Low Risk Loan
182,82,Good Loan,Paid
183,62,High Risk Loan,Good Loan
184,23,High Risk Loan,High Risk Loan
185,44,High Risk Loan,Low Risk Loan
186,8,High Risk Loan,Bad Loan
187,81,High Risk Loan,Paid
188,62,Low Risk Loan,Good Loan
189,35,Low Risk Loan,High Risk Loan
190,53,Low Risk Loan,Low Risk Loan
191,9,Low Risk Loan,Bad Loan
192,93,Low Risk Loan,Paid
193,74,Good Loan,Good Loan
194,34,Good Loan,High Risk Loan
195,52,Good Loan,Low Risk Loan
196,88,Good Loan,Paid
197,77,High Risk Loan,Good Loan
198,32,High Risk Loan,High Risk Loan
199,49,High Risk Loan,Low Risk Loan
200,14,High Risk Loan,Bad Loan
201,91,High Risk Loan,Paid
202,69,Low Risk Loan,Good Loan
203,25,Low Risk Loan,High Risk Loan
204,42,Low Risk Loan,Low Risk Loan
205,8,Low Risk Loan,Bad Loan
206,87,Low Risk Loan,Paid
207,76,Good Loan,Good Loan
208,25,Good Loan,High Risk Loan
209,53,Good Loan,Low Risk Loan
210,82,Good Loan,Paid
211,64,High Risk Loan,Good Loan
212,30,High Risk Loan,High Risk Loan
213,55,High Risk Loan,Low Risk Loan
214,10,High Risk Loan,Bad Loan
215,90,High Risk Loan,Paid
216,70,Low Risk Loan,Good Loan
217,29,Low Risk Loan,High Risk Loan
218,60,Low Risk Loan,Low Risk Loan
219,9,Low Risk Loan,Bad Loan
220,85,Low Risk Loan,Paid
221,64,Good Loan,Good Loan
222,33,Good Loan,High Risk Loan
223,55,Good Loan,Low Risk Loan
224,81,Good Loan,Paid
225,74,High Risk Loan,Good Loan
226,33,High Risk Loan,High Risk Loan
227,51,High Risk Loan,Low Risk Loan
228,13,High Risk Loan,Bad Loan
229,82,High Risk Loan,Paid
230,68,Low Risk Loan,Good Loan
231,36,Low Risk Loan,High Risk Loan
232,57,Low Risk Loan,Low Risk Loan
233,14,Low Risk Loan,Bad Loan
234,89,Low Risk Loan,Paid
235,61,Good Loan,Good Loan
236,40,Good Loan,High Risk Loan
237,48,Good Loan,Low Risk Loan
238,92,Good Loan,Paid
239,80,High Risk Loan,Good Loan
240,40,High Risk Loan,High Risk Loan
241,52,High Risk Loan,Low Risk Loan
242,19,High Risk Loan,Bad Loan
243,94,High Risk Loan,Paid
244,80,Low Risk Loan,Good Loan
245,39,Low Risk Loan,High Risk Loan
246,43,Low Risk Loan,Low Risk Loan
247,19,Low Risk Loan,Bad Loan
248,83,Low Risk Loan,Paid
249,62,Good Loan,Good Loan
250,39,Good Loan,High Risk Loan
251,46,Good Loan,Low Risk Loan
252,91,Good Loan,Paid
253,61,High Risk Loan,Good Loan
254,26,High Risk Loan,High Risk Loan
255,54,High Risk Loan,Low Risk Loan
256,11,High Risk Loan,Bad Loan
257,83,High Risk Loan,Paid
258,78,Low Risk Loan,Good Loan
259,40,Low Risk Loan,High Risk Loan
260,58,Low Risk Loan,Low Risk Loan
261,18,Low Risk Loan,Bad Loan
262,90,Low Risk Loan,Paid
263,61,Good Loan,Good Loan
264,25,Good Loan,High Risk Loan
265,56,Good Loan,Low Risk Loan
266,88,Good Loan,Paid
267,72,High Risk Loan,Good Loan
268,28,High Risk Loan,High Risk Loan
269,45,High Risk Loan,Low Risk Loan
270,10,High Risk Loan,Bad Loan
271,82,High Risk Loan,Paid
272,80,Low Risk Loan,Good Loan
273,28,Low Risk Loan,High Risk Loan
274,41,Low Risk Loan,Low Risk Loan
275,8,Low Risk Loan,Bad Loan
276,87,Low Risk Loan,Paid
277,75,Good Loan,Good Loan
278,28,Good Loan,High Risk Loan
279,46,Good Loan,Low Risk Loan
280,91,Good Loan,Paid
281,61,High Risk Loan,Good Loan
282,40,High Risk Loan,High Risk Loan
283,52,High Risk Loan,Low Risk Loan
284,12,High Risk Loan,Bad Loan
285,84,High Risk Loan,Paid
286,79,Low Risk Loan,Good Loan
287,32,Low Risk Loan,High Risk Loan
288,41,Low Risk Loan,Low Risk Loan
289,17,Low Risk Loan,Bad Loan
290,89,Low Risk Loan,Paid
291,75,Good Loan,Good Loan
292,34,Good Loan,High Risk Loan
293,50,Good Loan,Low Risk Loan
294,81,Good Loan,Paid
295,63,High Risk Loan,Good Loan
296,27,High Risk Loan,High Risk Loan
297,46,High Risk Loan,Low Risk Loan
298,15,High Risk Loan,Bad Loan
299,89,High Risk Loan,Paid
300,73,Low Risk Loan,Good Loan
301,38,Low Risk Loan,High Risk Loan
302,49,Low Risk Loan,Low Risk Loan
303,20,Low Risk Loan,Bad Loan
304,95,Low Risk Loan,Paid
305,76,Good Loan,Good Loan
306,36,Good Loan,High Risk Loan
307,54,Good Loan,Low Risk Loan
308,84,Good Loan,Paid
309,79,High Risk Loan,Good Loan
310,25,High Risk Loan,High Risk Loan
311,57,High Risk Loan,Low Risk Loan
312,14,High Risk Loan,Bad Loan
313,84,High Risk Loan,Paid
314,79,Low Risk Loan,Good Loan
315,40,Low Risk Loan,High Risk Loan
316,43,Low Risk Loan,Low Risk Loan
317,5,Low Risk Loan,Bad Loan
318,93,Low Risk Loan,Paid
319,70,Good Loan,Good Loan
320,36,Good Loan,High Risk Loan
321,41,Good Loan,Low Risk Loan
322,85,Good Loan,Paid
323,80,High Risk Loan,Good Loan
324,30,High Risk Loan,High Risk Loan
325,45,High Risk Loan,Low Risk Loan
326,19,High Risk Loan,Bad Loan
327,92,High Risk Loan,Paid
328,72,Low Risk Loan,Good Loan
329,22,Low Risk Loan,High Risk Loan
330,43,Low Risk Loan,Low Risk Loan
331,11,Low Risk Loan,Bad Loan
332,87,Low Risk Loan,Paid
333,67,Good Loan,Good Loan
334,26,Good Loan,High Risk Loan
335,44,Good Loan,Low Risk Loan
336,92,Good Loan,Paid
337,76,High Risk Loan,Good Loan
338,32,High Risk Loan,High Risk Loan
339,60,High Risk Loan,Low Risk Loan
340,11,High Risk Loan,Bad Loan
341,88,High Risk Loan,Paid
342,62,Low Risk Loan,Good Loan
343,40,Low Risk Loan,High Risk Loan
344,49,Low Risk Loan,Low Risk Loan
345,14,Low Risk Loan,Bad Loan
346,88,Low Risk Loan,Paid
347,69,Good Loan,Good Loan
348,38,Good Loan,High Risk Loan
349,50,Good Loan,Low Risk Loan
350,83,Good Loan,Paid
351,73,High Risk Loan,Good Loan
352,30,High Risk Loan,High Risk Loan
353,57,High Risk Loan,Low Risk Loan
354,8,High Risk Loan,Bad Loan
355,82,High Risk Loan,Paid
356,76,Low Risk Loan,Good Loan
357,23,Low Risk Loan,High Risk Loan
358,59,Low Risk Loan,Low Risk Loan
359,9,Low Risk Loan,Bad Loan
360,89,Low Risk Loan,Paid
361,61,Good Loan,Good Loan
362,23,Good Loan,High Risk Loan
363,54,Good Loan,Low Risk Loan
364,86,Good Loan,Paid
365,72,High Risk Loan,Good Loan
366,29,High Risk Loan,High Risk Loan
367,52,High Risk Loan,Low Risk Loan
368,10,High Risk Loan,Bad Loan
369,88,High Risk Loan,Paid
370,66,Low Risk Loan,Good Loan
371,32,Low Risk Loan,High Risk Loan
372,51,Low Risk Loan,Low Risk Loan
373,19,Low Risk Loan,Bad Loan
374,95,Low Risk Loan,Paid
375,74,Good Loan,Good Loan
376,24,Good Loan,High Risk Loan
377,59,Good Loan,Low Risk Loan
378,85,Good Loan,Paid
379,73,High Risk Loan,Good Loan
380,37,High Risk Loan,High Risk Loan
381,55,High Risk Loan,Low Risk Loan
382,17,High Risk Loan,Bad Loan
383,86,High Risk Loan,Paid
384,68,Low Risk Loan,Good Loan
385,34,Low Risk Loan,High Risk Loan
386,41,Low Risk Loan,Low Risk Loan
387,8,Low Risk Loan,Bad Loan
388,89,Low Risk Loan,Paid
389,72,Good Loan,Good Loan
390,25,Good Loan,High Risk Loan
391,47,Good Loan,Low Risk Loan
392,91,Good Loan,Paid
393,69,High Risk Loan,Good Loan
394,28,High Risk Loan,High Risk Loan
395,57,High Risk Loan,Low Risk Loan
396,13,High Risk Loan,Bad Loan
397,90,High Risk Loan,Paid
398,75,Low Risk Loan,Good Loan
399,37,Low Risk Loan,High Risk Loan
400,53,Low Risk Loan,Low Risk Loan
401,6,Low Risk Loan,Bad Loan
402,89,Low Risk Loan,Paid
403,72,Good Loan,Good Loan
404,35,Good Loan,High Risk Loan
405,41,Good Loan,Low Risk Loan
406,84,Good Loan,Paid
407,69,High Risk Loan,Good Loan
408,22,High Risk Loan,High Risk Loan
409,41,High Risk Loan,Low Risk Loan
410,15,High Risk Loan,Bad Loan
411,84,High Risk Loan,Paid
412,78,Low Risk Loan,Good Loan
413,27,Low Risk Loan,High Risk Loan
414,57,Low Risk Loan,Low Risk Loan
415,5,Low Risk Loan,Bad Loan
416,83,Low Risk Loan,Paid
417,70,Good Loan,Good Loan
418,31,Good Loan,High Risk Loan
419,58,Good Loan,Low Risk Loan
420,90,Good Loan,Paid
421,70,High Risk Loan,Good Loan
422,30,High Risk Loan,High Risk Loan
423,58,High Risk Loan,Low Risk Loan
424,20,High Risk Loan,Bad Loan
425,90,High Risk Loan,Paid
426,64,Low Risk Loan,Good Loan
427,29,Low Risk Loan,High Risk Loan
428,56,Low Risk Loan,Low Risk Loan
429,5,Low Risk Loan,Bad Loan
430,92,Low Risk Loan,Paid
431,80,Good Loan,Good Loan
432,26,Good Loan,High Risk Loan
433,51,Good Loan,Low Risk Loan
434,90,Good Loan,Paid
435,69,High Risk Loan,Good Loan
436,37,High Risk Loan,High Risk Loan
437,56,High Risk Loan,Low Risk Loan
438,9,High Risk Loan,Bad Loan
439,83,High Risk Loan,Paid
440,68,Low Risk Loan,Good Loan
441,32,Low Risk Loan,High Risk Loan
442,49,Low Risk Loan,Low Risk Loan
443,20,Low Risk Loan,Bad Loan
444,92,Low Risk Loan,Paid
445,80,Good Loan,Good Loan
446,36,Good Loan,High Risk Loan
447,54,Good Loan,Low Risk Loan
448,87,Good Loan,Paid
449,77,High Risk Loan,Good Loan
450,32,High Risk Loan,High Risk Loan
451,56,High Risk Loan,Low Risk Loan
452,18,High Risk Loan,Bad Loan
453,89,High Risk Loan,Paid
454,61,Low Risk Loan,Good Loan
455,33,Low Risk Loan,High Risk Loan
456,56,Low Risk Loan,Low Risk Loan
457,8,Low Risk Loan,Bad Loan
458,81,Low Risk Loan,Paid
459,66,Good Loan,Good Loan
460,32,Good Loan,High Risk Loan
461,43,Good Loan,Low Risk Loan
462,85,Good Loan,Paid
463,63,High Risk Loan,Good Loan
464,23,High Risk Loan,High Risk Loan
465,47,High Risk Loan,Low Risk Loan
466,16,High Risk Loan,Bad Loan
467,82,High Risk Loan,Paid
468,74,Low Risk Loan,Good Loan
469,26,Low Risk Loan,High Risk Loan
470,51,Low Risk Loan,Low Risk Loan
471,14,Low Risk Loan,Bad Loan
472,84,Low Risk Loan,Paid
473,72,Good Loan,Good Loan
474,31,Good Loan,High Risk Loan
475,54,Good Loan,Low Risk Loan
476,93,Good Loan,Paid
477,69,High Risk Loan,Good Loan
478,27,High Risk Loan,High Risk Loan
479,48,High Risk Loan,Low Risk Loan
480,11,High Risk Loan,Bad Loan
481,84,High Risk Loan,Paid
482,62,Low Risk Loan,Good Loan
483,25,Low Risk Loan,High Risk Loan
484,45,Low Risk Loan,Low Risk Loan
485,8,Low Risk Loan,Bad Loan
486,83,Low Risk Loan,Paid
487,63,Good Loan,Good Loan
488,33,Good Loan,High Risk Loan
489,47,Good Loan,Low Risk Loan
490,93,Good Loan,Paid
491,67,High Risk Loan,Good Loan
492,23,High Risk Loan,High Risk Loan
493,53,High Risk Loan,Low Risk Loan
494,13,High Risk Loan,Bad Loan
495,89,High Risk Loan,Paid
496,61,Low Risk Loan,Good Loan
497,29,Low Risk Loan,High Risk Loan
498,50,Low Risk Loan,Low Risk Loan
499,11,Low Risk Loan,Bad Loan
500,89,Low Risk Loan,Paid
501,62,Good Loan,Good Loan
502,39,Good Loan,High Risk Loan
503,51,Good Loan,Low Risk Loan
504,88,Good Loan,Paid
505,64,High Risk Loan,Good Loan
506,34,High Risk Loan,High Risk Loan
507,41,High Risk Loan,Low Risk Loan
508,5,High Risk Loan,Bad Loan
509,88,High Risk Loan,Paid
510,72,Low Risk Loan,Good Loan
511,26,Low Risk Loan,High Risk Loan
512,44,Low Risk Loan,Low Risk Loan
513,7,Low Risk Loan,Bad Loan
514,90,Low Risk Loan,Paid
515,70,Good Loan,Good Loan
516,35,Good Loan,High Risk Loan
517,54,Good Loan,Low Risk Loan
518,89,Good Loan,Paid
519,62,High Risk Loan,Good Loan
520,31,High Risk Loan,High Risk Loan
521,43,High Risk Loan,Low Risk Loan
522,13,High Risk Loan,Bad Loan
523,89,High Risk Loan,Paid
524,77,Low Risk Loan,Good Loan
525,35,Low Risk Loan,High Risk Loan
526,52,Low Risk Loan,Low Risk Loan
527,20,Low Risk Loan,Bad Loan
528,93,Low Risk Loan,Paid
529,64,Good Loan,Good Loan
530,28,Good Loan,High Risk Loan
531,55,Good Loan,Low Risk Loan
532,88,Good Loan,Paid
533,67,High Risk Loan,Good Loan
534,40,High Risk Loan,High Risk Loan
535,46,High Risk Loan,Low Risk Loan
536,14,High Risk Loan,Bad Loan
537,85,High Risk Loan,Paid
538,75,Low Risk Loan,Good Loan
539,38,Low Risk Loan,High Risk Loan
540,44,Low Risk Loan,Low Risk Loan
541,9,Low Risk Loan,Bad Loan
542,83,Low Risk Loan,Paid
543,71,Good Loan,Good Loan
544,40,Good Loan,High Risk Loan
545,45,Good Loan,Low Risk Loan
546,87,Good Loan,Paid
547,76,High Risk Loan,Good Loan
548,29,High Risk Loan,High Risk Loan
549,51,High Risk Loan,Low Risk Loan
550,11,High Risk Loan,Bad Loan
551,91,High Risk Loan,Paid
552,75,Low Risk Loan,Good Loan
553,23,Low Risk Loan,High Risk Loan
554,58,Low Risk Loan,Low Risk Loan
555,16,Low Risk Loan,Bad Loan
556,87,Low Risk Loan,Paid
557,69,Good Loan,Good Loan
558,39,Good Loan,High Risk Loan
559,51,Good Loan,Low Risk Loan
560,82,Good Loan,Paid
561,75,High Risk Loan,Good Loan
562,40,High Risk Loan,High Risk Loan
563,54,High Risk Loan,Low Risk Loan
564,9,High Risk Loan,Bad Loan
565,85,High Risk Loan,Paid
566,80,Low Risk Loan,Good Loan
567,33,Low Risk Loan,High Risk Loan
568,60,Low Risk Loan,Low Risk Loan
569,9,Low Risk Loan,Bad Loan
570,90,Low Risk Loan,Paid
571,67,Good Loan,Good Loan
572,27,Good Loan,High Risk Loan
573,44,Good Loan,Low Risk Loan
574,93,Good Loan,Paid
575,80,High Risk Loan,Good Loan
576,38,High Risk Loan,High Risk Loan
577,50,High Risk Loan,Low Risk Loan
578,12,High Risk Loan,Bad Loan
579,88,High Risk Loan,Paid
580,69,Low Risk Loan,Good Loan
581,21,Low Risk Loan,High Risk Loan
582,58,Low Risk Loan,Low Risk Loan
583,20,Low Risk Loan,Bad Loan
584,82,Low Risk Loan,Paid
585,76,Good Loan,Good Loan
586,36,Good Loan,High Risk Loan
587,44,Good Loan,Low Risk Loan
588,84,Good Loan,Paid
589,67,High Risk Loan,Good Loan
590,23,High Risk Loan,High Risk Loan
591,50,High Risk Loan,Low Risk Loan
592,9,High Risk Loan,Bad Loan
593,84,High Risk Loan,Paid
594,71,Low Risk Loan,Good Loan
595,27,Low Risk Loan,High Risk Loan
596,45,Low Risk Loan,Low Risk Loan
597,16,Low Risk Loan,Bad Loan
598,83,Low Risk Loan,Paid
599,72,Good Loan,Good Loan
600,23,Good Loan,High Risk Loan
601,48,Good Loan,Low Risk Loan
602,81,Good Loan,Paid
603,61,High Risk Loan,Good Loan
604,22,High Risk Loan,High Risk Loan
605,50,High Risk Loan,Low Risk Loan
606,17,High Risk Loan,Bad Loan
607,90,High Risk Loan,Paid
608,79,Low Risk Loan,Good Loan
609,40,Low Risk Loan,High Risk Loan
610,57,Low Risk Loan,Low Risk Loan
611,8,Low Risk Loan,Bad Loan
612,90,Low Risk Loan,Paid
613,67,Good Loan,Good Loan
614,28,Good Loan,High Risk Loan
615,50,Good Loan,Low Risk Loan
616,81,Good Loan,Paid
617,79,High Risk Loan,Good Loan
618,21,High Risk Loan,High Risk Loan
619,55,High Risk Loan,Low Risk Loan
620,12,High Risk Loan,Bad Loan
621,90,High Risk Loan,Paid
622,65,Low Risk Loan,Good Loan
623,21,Low Risk Loan,High Risk Loan
624,53,Low Risk Loan,Low Risk Loan
625,6,Low Risk Loan,Bad Loan
626,81,Low Risk Loan,Paid
627,74,Good Loan,Good Loan
628,25,Good Loan,High Risk Loan
629,53,Good Loan,Low Risk Loan
630,92,Good Loan,Paid
631,65,High Risk Loan,Good Loan
632,23,High Risk Loan,High Risk Loan
633,43,High Risk Loan,Low Risk Loan
634,15,High Risk Loan,Bad Loan
635,90,High Risk Loan,Paid
636,67,Low Risk Loan,Good Loan
637,32,Low Risk Loan,High Risk Loan
638,54,Low Risk Loan,Low Risk Loan
639,6,Low Risk Loan,Bad Loan
640,91,Low Risk Loan,Paid
641,66,Good Loan,Good Loan
642,21,Good Loan,High Risk Loan
643,56,Good Loan,Low Risk Loan
644,84,Good Loan,Paid
645,61,High Risk Loan,Good Loan
646,27,High Risk Loan,High Risk Loan
647,55,High Risk Loan,Low Risk Loan
648,12,High Risk Loan,Bad Loan
649,84,High Risk Loan,Paid
650,80,Low Risk Loan,Good Loan
651,36,Low Risk Loan,High Risk Loan
652,50,Low Risk Loan,Low Risk Loan
653,8,Low Risk Loan,Bad Loan
654,81,Low Risk Loan,Paid
655,62,Good Loan,Good Loan
656,23,Good Loan,High Risk Loan
657,57,Good Loan,Low Risk Loan
658,95,Good Loan,Paid
659,79,High Risk Loan,Good Loan
660,28,High Risk Loan,High Risk Loan
661,58,High Risk Loan,Low Risk Loan
662,7,High Risk Loan,Bad Loan
663,85,High Risk Loan,Paid
664,79,Low Risk Loan,Good Loan
665,22,Low Risk Loan,High Risk Loan
666,51,Low Risk Loan,Low Risk Loan
667,6,Low Risk Loan,Bad Loan
668,92,Low Risk Loan,Paid
669,76,Good Loan,Good Loan
670,25,Good Loan,High Risk Loan
671,53,Good Loan,Low Risk Loan
672,90,Good Loan,Paid
673,70,High Risk Loan,Good Loan
674,24,High Risk Loan,High Risk Loan
675,49,High Risk Loan,Low Risk Loan
676,11,High Risk Loan,Bad Loan
677,93,High Risk Loan,Paid
678,75,Low Risk Loan,Good Loan
679,35,Low Risk Loan,High Risk Loan
680,42,Low Risk Loan,Low Risk Loan
681,20,Low Risk Loan,Bad Loan
682,85,Low Risk Loan,Paid
683,71,Good Loan,Good Loan
684,40,Good Loan,High Risk Loan
685,57,Good Loan,Low Risk Loan
686,89,Good Loan,Paid
687,61,High Risk Loan,Good Loan
688,31,High Risk Loan,High Risk Loan
689,43,High Risk Loan,Low Risk Loan
690,12,High Risk Loan,Bad Loan
691,92,High Risk Loan,Paid
692,77,Low Risk Loan,Good Loan
693,34,Low Risk Loan,High Risk Loan
694,48,Low Risk Loan,Low Risk Loan
695,12,Low Risk Loan,Bad Loan
696,90,Low Risk Loan,Paid
697,77,Good Loan,Good Loan
698,34,Good Loan,High Risk Loan
699,42,Good Loan,Low Risk Loan
700,95,Good Loan,Paid
701,69,High Risk Loan,Good Loan
702,33,High Risk Loan,High Risk Loan
703,51,High Risk Loan,Low Risk Loan
704,20,High Risk Loan,Bad Loan
705,94,High Risk Loan,Paid
706,61,Low Risk Loan,Good Loan
707,26,Low Risk Loan,High Risk Loan
708,60,Low Risk Loan,Low Risk Loan
709,8,Low Risk Loan,Bad Loan
710,85,Low Risk Loan,Paid
711,63,Good Loan,Good Loan
712,28,Good Loan,High Risk Loan
713,51,Good Loan,Low Risk Loan
714,93,Good Loan,Paid
715,71,High Risk Loan,Good Loan
716,35,High Risk Loan,High Risk Loan
717,51,High Risk Loan,Low Risk Loan
718,17,High Risk Loan,Bad Loan
719,94,High Risk Loan,Paid
720,71,Low Risk Loan,Good Loan
721,24,Low Risk Loan,High Risk Loan
722,55,Low Risk Loan,Low Risk Loan
723,83,Low Risk Loan,Paid
724,80,Good Loan,Good Loan
725,38,Good Loan,High Risk Loan
726,41,Good Loan,Low Risk Loan
727,81,Good Loan,Paid
728,62,High Risk Loan,Good Loan
729,32,High Risk Loan,High Risk Loan
730,41,High Risk Loan,Low Risk Loan
731,7,High Risk Loan,Bad Loan
732,93,High Risk Loan,Paid
733,64,Low Risk Loan,Good Loan
734,27,Low Risk Loan,High Risk Loan
735,60,Low Risk Loan,Low Risk Loan
736,90,Low Risk Loan,Paid
737,66,Good Loan,Good Loan
738,33,Good Loan,High Risk Loan
739,42,Good Loan,Low Risk Loan
740,92,Good Loan,Paid
741,79,High Risk Loan,Good Loan
742,34,High Risk Loan,High Risk Loan
743,48,High Risk Loan,Low Risk Loan
744,10,High Risk Loan,Bad Loan
745,93,High Risk Loan,Paid
746,62,Low Risk Loan,Good Loan
747,22,Low Risk Loan,High Risk Loan
748,53,Low Risk Loan,Low Risk Loan
749,89,Low Risk Loan,Paid
750,62,Good Loan,Good Loan
751,31,Good Loan,High Risk Loan
752,50,Good Loan,Low Risk Loan
753,85,Good Loan,Paid
754,71,High Risk Loan,Good Loan
755,34,High Risk Loan,High Risk Loan
756,50,High Risk Loan,Low Risk Loan
757,15,High Risk Loan,Bad Loan
758,83,High Risk Loan,Paid
759,78,Low Risk Loan,Good Loan
760,29,Low Risk Loan,High Risk Loan
761,58,Low Risk Loan,Low Risk Loan
762,86,Low Risk Loan,Paid
763,72,Good Loan,Good Loan
764,33,Good Loan,High Risk Loan
765,43,Good Loan,Low Risk Loan
766,93,Good Loan,Paid
767,69,High Risk Loan,Good Loan
768,36,High Risk Loan,High Risk Loan
769,48,High Risk Loan,Low Risk Loan
770,5,High Risk Loan,Bad Loan
771,91,High Risk Loan,Paid
772,73,Low Risk Loan,Good Loan
773,24,Low Risk Loan,High Risk Loan
774,53,Low Risk Loan,Low Risk Loan
775,83,Low Risk Loan,Paid
776,80,Good Loan,Good Loan
777,37,Good Loan,High Risk Loan
778,56,Good Loan,Low Risk Loan
779,91,Good Loan,Paid
780,67,High Risk Loan,Good Loan
781,29,High Risk Loan,High Risk Loan
782,49,High Risk Loan,Low Risk Loan
783,18,High Risk Loan,Bad Loan
784,85,High Risk Loan,Paid
785,71,Low Risk Loan,Good Loan
786,38,Low Risk Loan,High Risk Loan
787,56,Low Risk Loan,Low Risk Loan
788,93,Low Risk Loan,Paid
789,70,Good Loan,Good Loan
790,38,Good Loan,High Risk Loan
791,57,Good Loan,Low Risk Loan
792,88,Good Loan,Paid
793,75,High Risk Loan,Good Loan
794,30,High Risk Loan,High Risk Loan
795,52,High Risk Loan,Low Risk Loan
796,17,High Risk Loan,Bad Loan
797,85,High Risk Loan,Paid
798,75,Low Risk Loan,Good Loan
799,33,Low Risk Loan,High Risk Loan
800,46,Low Risk Loan,Low Risk Loan
801,87,Low Risk Loan,Paid
802,78,Good Loan,Good Loan
803,40,Good Loan,High Risk Loan
804,60,Good Loan,Low Risk Loan
805,81,Good Loan,Paid
806,79,High Risk Loan,Good Loan
807,32,High Risk Loan,High Risk Loan
808,55,High Risk Loan,Low Risk Loan
809,14,High Risk Loan,Bad Loan
810,86,High Risk Loan,Paid
811,76,Low Risk Loan,Good Loan
812,29,Low Risk Loan,High Risk Loan
813,58,Low Risk Loan,Low Risk Loan
814,86,Low Risk Loan,Paid
815,75,Good Loan,Good Loan
816,27,Good Loan,High Risk Loan
817,59,Good Loan,Low Risk Loan
818,92,Good Loan,Paid
819,66,High Risk Loan,Good Loan
820,35,High Risk Loan,High Risk Loan
821,48,High Risk Loan,Low Risk Loan
822,14,High Risk Loan,Bad Loan
823,83,High Risk Loan,Paid
824,62,Low Risk Loan,Good Loan
825,32,Low Risk Loan,High Risk Loan
826,51,Low Risk Loan,Low Risk Loan
827,84,Low Risk Loan,Paid
828,63,Good Loan,Good Loan
829,22,Good Loan,High Risk Loan
830,49,Good Loan,Low Risk Loan
831,89,Good Loan,Paid
832,78,High Risk Loan,Good Loan
833,36,High Risk Loan,High Risk Loan
834,60,High Risk Loan,Low Risk Loan
835,16,High Risk Loan,Bad Loan
836,92,High Risk Loan,Paid
837,76,Low Risk Loan,Good Loan
838,37,Low Risk Loan,High Risk Loan
839,51,Low Risk Loan,Low Risk Loan
840,85,Low Risk Loan,Paid
841,68,Good Loan,Good Loan
842,27,Good Loan,High Risk Loan
843,49,Good Loan,Low Risk Loan
844,93,Good Loan,Paid
845,74,High Risk Loan,Good Loan
846,31,High Risk Loan,High Risk Loan
847,57,High Risk Loan,Low Risk Loan
848,13,High Risk Loan,Bad Loan
849,63,Low Risk Loan,Good Loan
850,40,Low Risk Loan,High Risk Loan
851,59,Low Risk Loan,Low Risk Loan
852,86,Low Risk Loan,Paid
853,78,Good Loan,Good Loan
854,30,Good Loan,High Risk Loan
855,49,Good Loan,Low Risk Loan
856,87,Good Loan,Paid
857,77,High Risk Loan,Good Loan
858,30,High Risk Loan,High Risk Loan
859,42,High Risk Loan,Low Risk Loan
860,10,High Risk Loan,Bad Loan
861,78,Low Risk Loan,Good Loan
862,38,Low Risk Loan,High Risk Loan
863,55,Low Risk Loan,Low Risk Loan
864,86,Low Risk Loan,Paid
865,72,Good Loan,Good Loan
866,23,Good Loan,High Risk Loan
867,58,Good Loan,Low Risk Loan
868,91,Good Loan,Paid
869,61,High Risk Loan,Good Loan
870,34,High Risk Loan,High Risk Loan
871,51,High Risk Loan,Low Risk Loan
872,9,High Risk Loan,Bad Loan
873,73,Low Risk Loan,Good Loan
874,33,Low Risk Loan,High Risk Loan
875,48,Low Risk Loan,Low Risk Loan
876,81,Low Risk Loan,Paid
877,67,Good Loan,Good Loan
878,39,Good Loan,High Risk Loan
879,51,Good Loan,Low Risk Loan
880,89,Good Loan,Paid
881,69,High Risk Loan,Good Loan
882,29,High Risk Loan,High Risk Loan
883,46,High Risk Loan,Low Risk Loan
884,20,High Risk Loan,Bad Loan
885,68,Low Risk Loan,Good Loan
886,38,Low Risk Loan,High Risk Loan
887,49,Low Risk Loan,Low Risk Loan
888,93,Low Risk Loan,Paid
889,75,Good Loan,Good Loan
890,27,Good Loan,High Risk Loan
891,59,Good Loan,Low Risk Loan
892,89,Good Loan,Paid
893,77,High Risk Loan,Good Loan
894,28,High Risk Loan,High Risk Loan
895,55,High Risk Loan,Low Risk Loan
896,5,High Risk Loan,Bad Loan
897,68,Low Risk Loan,Good Loan
898,30,Low Risk Loan,High Risk Loan
899,48,Low Risk Loan,Low Risk Loan
900,82,Low Risk Loan,Paid
901,63,Good Loan,Good Loan
902,34,Good Loan,High Risk Loan
903,52,Good Loan,Low Risk Loan
904,87,Good Loan,Paid
905,77,High Risk Loan,Good Loan
906,22,High Risk Loan,High Risk Loan
907,41,High Risk Loan,Low Risk Loan
908,10,High Risk Loan,Bad Loan
909,78,Low Risk Loan,Good Loan
910,28,Low Risk Loan,High Risk Loan
911,58,Low Risk Loan,Low Risk Loan
912,89,Low Risk Loan,Paid
913,80,Good Loan,Good Loan
914,31,Good Loan,High Risk Loan
915,45,Good Loan,Low Risk Loan
916,83,Good Loan,Paid
917,72,High Risk Loan,Good Loan
918,26,High Risk Loan,High Risk Loan
919,58,High Risk Loan,Low Risk Loan
920,9,High Risk Loan,Bad Loan
921,79,Low Risk Loan,Good Loan
922,26,Low Risk Loan,High Risk Loan
923,50,Low Risk Loan,Low Risk Loan
924,81,Low Risk Loan,Paid
925,78,Good Loan,Good Loan
926,21,Good Loan,High Risk Loan
927,53,Good Loan,Low Risk Loan
928,84,Good Loan,Paid
929,61,High Risk Loan,Good Loan
930,24,High Risk Loan,High Risk Loan
931,45,High Risk Loan,Low Risk Loan
932,11,High Risk Loan,Bad Loan
933,64,Low Risk Loan,Good Loan
934,34,Low Risk Loan,High Risk Loan
935,44,Low Risk Loan,Low Risk Loan
936,90,Low Risk Loan,Paid
937,70,Good Loan,Good Loan
938,28,Good Loan,High Risk Loan
939,50,Good Loan,Low Risk Loan
940,81,Good Loan,Paid
941,80,High Risk Loan,Good Loan
942,28,High Risk Loan,High Risk Loan
943,55,High Risk Loan,Low Risk Loan
944,19,High Risk Loan,Bad Loan
945,71,Low Risk Loan,Good Loan
946,25,Low Risk Loan,High Risk Loan
947,41,Low Risk Loan,Low Risk Loan
948,84,Low Risk Loan,Paid
949,72,Good Loan,Good Loan
950,40,Good Loan,High Risk Loan
951,56,Good Loan,Low Risk Loan
952,92,Good Loan,Paid
953,78,High Risk Loan,Good Loan
954,21,High Risk Loan,High Risk Loan
955,55,High Risk Loan,Low Risk Loan
956,19,High Risk Loan,Bad Loan
957,62,Low Risk Loan,Good Loan
958,27,Low Risk Loan,High Risk Loan
959,51,Low Risk Loan,Low Risk Loan
960,88,Low Risk Loan,Paid
961,80,Good Loan,Good Loan
962,32,Good Loan,High Risk Loan
963,60,Good Loan,Low Risk Loan
964,91,Good Loan,Paid
965,78,High Risk Loan,Good Loan
966,29,High Risk Loan,High Risk Loan
967,49,High Risk Loan,Low Risk Loan
968,19,High Risk Loan,Bad Loan
969,75,Low Risk Loan,Good Loan
970,22,Low Risk Loan,High Risk Loan
971,57,Low Risk Loan,Low Risk Loan
972,72,Good Loan,Good Loan
973,25,Good Loan,High Risk Loan
974,44,Good Loan,Low Risk Loan
975,93,Good Loan,Paid
976,61,High Risk Loan,Good Loan
977,32,High Risk Loan,High Risk Loan
978,41,High Risk Loan,Low Risk Loan
979,14,High Risk Loan,Bad Loan
980,76,Low Risk Loan,Good Loan
981,25,Low Risk Loan,High Risk Loan
982,56,Low Risk Loan,Low Risk Loan
983,79,Good Loan,Good Loan
984,37,Good Loan,High Risk Loan
985,56,Good Loan,Low Risk Loan
986,85,Good Loan,Paid
987,75,High Risk Loan,Good Loan
988,36,High Risk Loan,High Risk Loan
989,42,High Risk Loan,Low Risk Loan
990,14,High Risk Loan,Bad Loan
991,64,Low Risk Loan,Good Loan
992,28,Low Risk Loan,High Risk Loan
993,45,Low Risk Loan,Low Risk Loan
994,75,Good Loan,Good Loan
995,34,Good Loan,High Risk Loan
996,54,Good Loan,Low Risk Loan
997,90,Good Loan,Paid
998,79,High Risk Loan,Good Loan
999,27,High Risk Loan,High Risk Loan
1000,46,High Risk Loan,Low Risk Loan
1001,20,High Risk Loan,Bad Loan
1002,63,Low Risk Loan,Good Loan
1003,28,Low Risk Loan,High Risk Loan
1004,47,Low Risk Loan,Low Risk Loan
1005,64,Good Loan,Good Loan
1006,24,Good Loan,High Risk Loan
1007,46,Good Loan,Low Risk Loan
1008,84,Good Loan,Paid
1009,62,High Risk Loan,Good Loan
1010,26,High Risk Loan,High Risk Loan
1011,47,High Risk Loan,Low Risk Loan
1012,16,High Risk Loan,Bad Loan
1013,68,Low Risk Loan,Good Loan
1014,33,Low Risk Loan,High Risk Loan
1015,43,Low Risk Loan,Low Risk Loan
1016,70,Good Loan,Good Loan
1017,33,Good Loan,High Risk Loan
1018,55,Good Loan,Low Risk Loan
1019,84,Good Loan,Paid
1020,80,High Risk Loan,Good Loan
1021,30,High Risk Loan,High Risk Loan
1022,56,High Risk Loan,Low Risk Loan
1023,18,High Risk Loan,Bad Loan
1024,71,Low Risk Loan,Good Loan
1025,31,Low Risk Loan,High Risk Loan
1026,56,Low Risk Loan,Low Risk Loan
1027,65,Good Loan,Good Loan
1028,38,Good Loan,High Risk Loan
1029,52,Good Loan,Low Risk Loan
1030,92,Good Loan,Paid
1031,63,High Risk Loan,Good Loan
1032,39,High Risk Loan,High Risk Loan
1033,41,High Risk Loan,Low Risk Loan
1034,11,High Risk Loan,Bad Loan
1035,78,Low Risk Loan,Good Loan
1036,29,Low Risk Loan,High Risk Loan
1037,45,Low Risk Loan,Low Risk Loan
1038,80,Good Loan,Good Loan
1039,35,Good Loan,High Risk Loan
1040,55,Good Loan,Low Risk Loan
1041,93,Good Loan,Paid
1042,67,High Risk Loan,Good Loan
1043,40,High Risk Loan,High Risk Loan
1044,49,High Risk Loan,Low Risk Loan
1045,10,High Risk Loan,Bad Loan
1046,69,Low Risk Loan,Good Loan
1047,23,Low Risk Loan,High Risk Loan
1048,41,Low Risk Loan,Low Risk Loan
1049,71,Good Loan,Good Loan
1050,32,Good Loan,High Risk Loan
1051,54,Good Loan,Low Risk Loan
1052,82,Good Loan,Paid
1053,71,High Risk Loan,Good Loan
1054,22,High Risk Loan,High Risk Loan
1055,55,High Risk Loan,Low Risk Loan
1056,15,High Risk Loan,Bad Loan
1057,80,Low Risk Loan,Good Loan
1058,33,Low Risk Loan,High Risk Loan
1059,46,Low Risk Loan,Low Risk Loan
1060,76,Good Loan,Good Loan
1061,32,Good Loan,High Risk Loan
1062,45,Good Loan,Low Risk Loan
1063,85,Good Loan,Paid
1064,76,High Risk Loan,Good Loan
1065,32,High Risk Loan,High Risk Loan
1066,58,High Risk Loan,Low Risk Loan
1067,10,High Risk Loan,Bad Loan
1068,79,Low Risk Loan,Good Loan
1069,29,Low Risk Loan,High Risk Loan
1070,49,Low Risk Loan,Low Risk Loan
1071,61,Good Loan,Good Loan
1072,33,Good Loan,High Risk Loan
1073,54,Good Loan,Low Risk Loan
1074,85,Good Loan,Paid
1075,64,High Risk Loan,Good Loan
1076,34,High Risk Loan,High Risk Loan
1077,47,High Risk Loan,Low Risk Loan
1078,14,High Risk Loan,Bad Loan
1079,64,Low Risk Loan,Good Loan
1080,35,Low Risk Loan,High Risk Loan
1081,59,Low Risk Loan,Low Risk Loan
1082,66,Good Loan,Good Loan
1083,32,Good Loan,High Risk Loan
1084,48,Good Loan,Low Risk Loan
1085,85,Good Loan,Paid
1086,62,High Risk Loan,Good Loan
1087,39,High Risk Loan,High Risk Loan
1088,41,High Risk Loan,Low Risk Loan
1089,12,High Risk Loan,Bad Loan
1090,71,Low Risk Loan,Good Loan
1091,33,Low Risk Loan,High Risk Loan
1092,44,Low Risk Loan,Low Risk Loan
1093,66,Good Loan,Good Loan
1094,24,Good Loan,High Risk Loan
1095,56,Good Loan,Low Risk Loan
1096,81,Good Loan,Paid
1097,80,High Risk Loan,Good Loan
1098,23,High Risk Loan,High Risk Loan
1099,46,High Risk Loan,Low Risk Loan
1100,14,High Risk Loan,Bad Loan
1101,64,Low Risk Loan,Good Loan
1102,30,Low Risk Loan,High Risk Loan
1103,44,Low Risk Loan,Low Risk Loan
1104,80,Good Loan,Good Loan
1105,28,Good Loan,High Risk Loan
1106,43,Good Loan,Low Risk Loan
1107,92,Good Loan,Paid
1108,61,High Risk Loan,Good Loan
1109,38,High Risk Loan,High Risk Loan
1110,44,High Risk Loan,Low Risk Loan
1111,13,High Risk Loan,Bad Loan
1112,62,Low Risk Loan,Good Loan
1113,29,Low Risk Loan,High Risk Loan
1114,48,Low Risk Loan,Low Risk Loan
1115,64,Good Loan,Good Loan
1116,39,Good Loan,High Risk Loan
1117,60,Good Loan,Low Risk Loan
1118,95,Good Loan,Paid
1119,68,High Risk Loan,Good Loan
1120,29,High Risk Loan,High Risk Loan
1121,60,High Risk Loan,Low Risk Loan
1122,6,High Risk Loan,Bad Loan
1123,76,Low Risk Loan,Good Loan
1124,39,Low Risk Loan,High Risk Loan
1125,57,Low Risk Loan,Low Risk Loan
1126,64,Good Loan,Good Loan
1127,37,Good Loan,High Risk Loan
1128,46,Good Loan,Low Risk Loan
1129,85,Good Loan,Paid
1130,74,High Risk Loan,Good Loan
1131,22,High Risk Loan,High Risk Loan
1132,49,High Risk Loan,Low Risk Loan
1133,13,High Risk Loan,Bad Loan
1134,68,Low Risk Loan,Good Loan
1135,38,Low Risk Loan,High Risk Loan
1136,59,Low Risk Loan,Low Risk Loan
1137,71,Good Loan,Good Loan
1138,32,Good Loan,High Risk Loan
1139,45,Good Loan,Low Risk Loan
1140,82,Good Loan,Paid
1141,78,High Risk Loan,Good Loan
1142,37,High Risk Loan,High Risk Loan
1143,57,High Risk Loan,Low Risk Loan
1144,16,High Risk Loan,Bad Loan
1145,72,Low Risk Loan,Good Loan
1146,24,Low Risk Loan,High Risk Loan
1147,58,Low Risk Loan,Low Risk Loan
1148,75,Good Loan,Good Loan
1149,36,Good Loan,High Risk Loan
1150,59,Good Loan,Low Risk Loan
1151,88,Good Loan,Paid
1152,63,High Risk Loan,Good Loan
1153,24,High Risk Loan,High Risk Loan
1154,48,High Risk Loan,Low Risk Loan
1155,16,High Risk Loan,Bad Loan
1156,72,Low Risk Loan,Good Loan
1157,31,Low Risk Loan,High Risk Loan
1158,43,Low Risk Loan,Low Risk Loan
1159,80,Good Loan,Good Loan
1160,25,Good Loan,High Risk Loan
1161,54,Good Loan,Low Risk Loan
1162,85,Good Loan,Paid
1163,69,High Risk Loan,Good Loan
1164,32,High Risk Loan,High Risk Loan
1165,50,High Risk Loan,Low Risk Loan
1166,16,High Risk Loan,Bad Loan
1167,75,Low Risk Loan,Good Loan
1168,22,Low Risk Loan,High Risk Loan
1169,53,Low Risk Loan,Low Risk Loan
1170,70,Good Loan,Good Loan
1171,39,Good Loan,High Risk Loan
1172,52,Good Loan,Low Risk Loan
1173,81,Good Loan,Paid
1174,79,High Risk Loan,Good Loan
1175,33,High Risk Loan,High Risk Loan
1176,50,High Risk Loan,Low Risk Loan
1177,12,High Risk Loan,Bad Loan
1178,74,Low Risk Loan,Good Loan
1179,27,Low Risk Loan,High Risk Loan
1180,51,Low Risk Loan,Low Risk Loan
1181,68,Good Loan,Good Loan
1182,33,Good Loan,High Risk Loan
1183,54,Good Loan,Low Risk Loan
1184,84,Good Loan,Paid
1185,72,High Risk Loan,Good Loan
1186,29,High Risk Loan,High Risk Loan
1187,45,High Risk Loan,Low Risk Loan
1188,9,High Risk Loan,Bad Loan
1189,66,Low Risk Loan,Good Loan
1190,30,Low Risk Loan,High Risk Loan
1191,48,Low Risk Loan,Low Risk Loan
1192,74,Good Loan,Good Loan
1193,32,Good Loan,High Risk Loan
1194,56,Good Loan,Low Risk Loan
1195,87,Good Loan,Paid
1196,73,High Risk Loan,Good Loan
1197,29,High Risk Loan,High Risk Loan
1198,47,High Risk Loan,Low Risk Loan
1199,13,High Risk Loan,Bad Loan
1200,65,Low Risk Loan,Good Loan
1201,39,Low Risk Loan,High Risk Loan
1202,45,Low Risk Loan,Low Risk Loan
1203,75,Good Loan,Good Loan
1204,31,Good Loan,High Risk Loan
1205,44,Good Loan,Low Risk Loan
1206,83,Good Loan,Paid
1207,75,High Risk Loan,Good Loan
1208,22,High Risk Loan,High Risk Loan
1209,41,High Risk Loan,Low Risk Loan
1210,15,High Risk Loan,Bad Loan
1211,72,Low Risk Loan,Good Loan
1212,36,Low Risk Loan,High Risk Loan
1213,53,Low Risk Loan,Low Risk Loan
1214,78,Good Loan,Good Loan
1215,32,Good Loan,High Risk Loan
1216,50,Good Loan,Low Risk Loan
1217,94,Good Loan,Paid
1218,64,High Risk Loan,Good Loan
1219,28,High Risk Loan,High Risk Loan
1220,44,High Risk Loan,Low Risk Loan
1221,16,High Risk Loan,Bad Loan
1222,74,Low Risk Loan,Good Loan
1223,27,Low Risk Loan,High Risk Loan
1224,45,Low Risk Loan,Low Risk Loan
1225,72,Good Loan,Good Loan
1226,22,Good Loan,High Risk Loan
1227,46,Good Loan,Low Risk Loan
1228,89,Good Loan,Paid
1229,76,High Risk Loan,Good Loan
1230,29,High Risk Loan,High Risk Loan
1231,50,High Risk Loan,Low Risk Loan
1232,12,High Risk Loan,Bad Loan
1233,70,Low Risk Loan,Good Loan
1234,28,Low Risk Loan,High Risk Loan
1235,42,Low Risk Loan,Low Risk Loan
1236,61,Good Loan,Good Loan
1237,36,Good Loan,High Risk Loan
1238,51,Good Loan,Low Risk Loan
1239,88,Good Loan,Paid
1240,72,High Risk Loan,Good Loan
1241,26,High Risk Loan,High Risk Loan
1242,54,High Risk Loan,Low Risk Loan
1243,11,High Risk Loan,Bad Loan
1244,76,Low Risk Loan,Good Loan
1245,22,Low Risk Loan,High Risk Loan
1246,52,Low Risk Loan,Low Risk Loan
1247,77,Good Loan,Good Loan
1248,30,Good Loan,High Risk Loan
1249,48,Good Loan,Low Risk Loan
1250,85,Good Loan,Paid
1251,61,High Risk Loan,Good Loan
1252,33,High Risk Loan,High Risk Loan
1253,47,High Risk Loan,Low Risk Loan
1254,17,High Risk Loan,Bad Loan
1255,73,Low Risk Loan,Good Loan
1256,29,Low Risk Loan,High Risk Loan
1257,47,Low Risk Loan,Low Risk Loan
1258,70,Good Loan,Good Loan
1259,27,Good Loan,High Risk Loan
1260,59,Good Loan,Low Risk Loan
1261,81,Good Loan,Paid
1262,67,High Risk Loan,Good Loan
1263,23,High Risk Loan,High Risk Loan
1264,55,High Risk Loan,Low Risk Loan
1265,5,High Risk Loan,Bad Loan
1266,61,Low Risk Loan,Good Loan
1267,21,Low Risk Loan,High Risk Loan
1268,53,Low Risk Loan,Low Risk Loan
1269,75,Good Loan,Good Loan
1270,40,Good Loan,High Risk Loan
1271,59,Good Loan,Low Risk Loan
1272,90,Good Loan,Paid
1273,67,High Risk Loan,Good Loan
1274,29,High Risk Loan,High Risk Loan
1275,41,High Risk Loan,Low Risk Loan
1276,13,High Risk Loan,Bad Loan
1277,64,Low Risk Loan,Good Loan
1278,32,Low Risk Loan,High Risk Loan
1279,57,Low Risk Loan,Low Risk Loan
1280,61,Good Loan,Good Loan
1281,26,Good Loan,High Risk Loan
1282,58,Good Loan,Low Risk Loan
1283,82,Good Loan,Paid
1284,75,High Risk Loan,Good Loan
1285,31,High Risk Loan,High Risk Loan
1286,60,High Risk Loan,Low Risk Loan
1287,5,High Risk Loan,Bad Loan
1288,73,Low Risk Loan,Good Loan
1289,36,Low Risk Loan,High Risk Loan
1290,59,Low Risk Loan,Low Risk Loan
1291,79,Good Loan,Good Loan
1292,49,Good Loan,Low Risk Loan
1293,87,Good Loan,Paid
1294,67,High Risk Loan,Good Loan
1295,27,High Risk Loan,High Risk Loan
1296,50,High Risk Loan,Low Risk Loan
1297,13,High Risk Loan,Bad Loan
1298,66,Low Risk Loan,Good Loan
1299,35,Low Risk Loan,High Risk Loan
1300,42,Low Risk Loan,Low Risk Loan
1301,77,Good Loan,Good Loan
1302,57,Good Loan,Low Risk Loan
1303,86,Good Loan,Paid
1304,69,High Risk Loan,Good Loan
1305,31,High Risk Loan,High Risk Loan
1306,57,High Risk Loan,Low Risk Loan
1307,16,High Risk Loan,Bad Loan
1308,62,Low Risk Loan,Good Loan
1309,23,Low Risk Loan,High Risk Loan
1310,51,Low Risk Loan,Low Risk Loan
1311,73,Good Loan,Good Loan
1312,52,Good Loan,Low Risk Loan
1313,88,Good Loan,Paid
1314,80,High Risk Loan,Good Loan
1315,39,High Risk Loan,High Risk Loan
1316,49,High Risk Loan,Low Risk Loan
1317,8,High Risk Loan,Bad Loan
1318,62,Low Risk Loan,Good Loan
1319,32,Low Risk Loan,High Risk Loan
1320,51,Low Risk Loan,Low Risk Loan
1321,72,Good Loan,Good Loan
1322,59,Good Loan,Low Risk Loan
1323,85,Good Loan,Paid
1324,65,High Risk Loan,Good Loan
1325,34,High Risk Loan,High Risk Loan
1326,41,High Risk Loan,Low Risk Loan
1327,10,High Risk Loan,Bad Loan
1328,76,Low Risk Loan,Good Loan
1329,27,Low Risk Loan,High Risk Loan
1330,57,Low Risk Loan,Low Risk Loan
1331,72,Good Loan,Good Loan
1332,48,Good Loan,Low Risk Loan
1333,84,Good Loan,Paid
1334,69,High Risk Loan,Good Loan
1335,39,High Risk Loan,High Risk Loan
1336,52,High Risk Loan,Low Risk Loan
1337,9,High Risk Loan,Bad Loan
1338,74,Low Risk Loan,Good Loan
1339,31,Low Risk Loan,High Risk Loan
1340,47,Low Risk Loan,Low Risk Loan
1341,71,Good Loan,Good Loan
1342,49,Good Loan,Low Risk Loan
1343,87,Good Loan,Paid
1344,70,High Risk Loan,Good Loan
1345,37,High Risk Loan,High Risk Loan
1346,50,High Risk Loan,Low Risk Loan
1347,18,High Risk Loan,Bad Loan
1348,64,Low Risk Loan,Good Loan
1349,28,Low Risk Loan,High Risk Loan
1350,49,Low Risk Loan,Low Risk Loan
1351,68,Good Loan,Good Loan
1352,50,Good Loan,Low Risk Loan
1353,87,Good Loan,Paid
1354,71,High Risk Loan,Good Loan
1355,25,High Risk Loan,High Risk Loan
1356,52,High Risk Loan,Low Risk Loan
1357,6,High Risk Loan,Bad Loan
1358,73,Low Risk Loan,Good Loan
1359,23,Low Risk Loan,High Risk Loan
1360,47,Low Risk Loan,Low Risk Loan
1361,70,Good Loan,Good Loan
1362,41,Good Loan,Low Risk Loan
1363,86,Good Loan,Paid
1364,80,High Risk Loan,Good Loan
1365,40,High Risk Loan,High Risk Loan
1366,50,High Risk Loan,Low Risk Loan
1367,8,High Risk Loan,Bad Loan
1368,73,Low Risk Loan,Good Loan
1369,33,Low Risk Loan,High Risk Loan
1370,45,Low Risk Loan,Low Risk Loan
1371,66,Good Loan,Good Loan
1372,60,Good Loan,Low Risk Loan
1373,92,Good Loan,Paid
1374,75,High Risk Loan,Good Loan
1375,40,High Risk Loan,High Risk Loan
1376,55,High Risk Loan,Low Risk Loan
1377,10,High Risk Loan,Bad Loan
1378,70,Low Risk Loan,Good Loan
1379,22,Low Risk Loan,High Risk Loan
1380,43,Low Risk Loan,Low Risk Loan
1381,69,Good Loan,Good Loan
1382,60,Good Loan,Low Risk Loan
1383,92,Good Loan,Paid
1384,68,High Risk Loan,Good Loan
1385,32,High Risk Loan,High Risk Loan
1386,54,High Risk Loan,Low Risk Loan
1387,15,High Risk Loan,Bad Loan
1388,80,Low Risk Loan,Good Loan
1389,39,Low Risk Loan,High Risk Loan
1390,58,Low Risk Loan,Low Risk Loan
1391,74,Good Loan,Good Loan
1392,56,Good Loan,Low Risk Loan
1393,89,Good Loan,Paid
1394,69,High Risk Loan,Good Loan
1395,39,High Risk Loan,High Risk Loan
1396,44,High Risk Loan,Low Risk Loan
1397,17,High Risk Loan,Bad Loan
1398,76,Low Risk Loan,Good Loan
1399,34,Low Risk Loan,High Risk Loan
1400,49,Low Risk Loan,Low Risk Loan
1401,74,Good Loan,Good Loan
1402,47,Good Loan,Low Risk Loan
1403,93,Good Loan,Paid
1404,76,High Risk Loan,Good Loan
1405,25,High Risk Loan,High Risk Loan
1406,46,High Risk Loan,Low Risk Loan
1407,6,High Risk Loan,Bad Loan
1408,67,Low Risk Loan,Good Loan
1409,31,Low Risk Loan,High Risk Loan
1410,59,Low Risk Loan,Low Risk Loan
1411,75,Good Loan,Good Loan
1412,54,Good Loan,Low Risk Loan
1413,94,Good Loan,Paid
1414,68,High Risk Loan,Good Loan
1415,39,High Risk Loan,High Risk Loan
1416,43,High Risk Loan,Low Risk Loan
1417,5,High Risk Loan,Bad Loan
1418,67,Low Risk Loan,Good Loan
1419,37,Low Risk Loan,High Risk Loan
1420,41,Low Risk Loan,Low Risk Loan
1421,70,Good Loan,Good Loan
1422,45,Good Loan,Low Risk Loan
1423,94,Good Loan,Paid
1424,80,High Risk Loan,Good Loan
1425,21,High Risk Loan,High Risk Loan
1426,44,High Risk Loan,Low Risk Loan
1427,13,High Risk Loan,Bad Loan
1428,71,Low Risk Loan,Good Loan
1429,25,Low Risk Loan,High Risk Loan
1430,49,Low Risk Loan,Low Risk Loan
1431,80,Good Loan,Good Loan
1432,49,Good Loan,Low Risk Loan
1433,85,Good Loan,Paid
1434,65,High Risk Loan,Good Loan
1435,24,High Risk Loan,High Risk Loan
1436,58,High Risk Loan,Low Risk Loan
1437,6,High Risk Loan,Bad Loan
1438,68,Low Risk Loan,Good Loan
1439,34,Low Risk Loan,High Risk Loan
1440,54,Low Risk Loan,Low Risk Loan
1441,62,Good Loan,Good Loan
1442,41,Good Loan,Low Risk Loan
1443,92,Good Loan,Paid
1444,62,High Risk Loan,Good Loan
1445,38,High Risk Loan,High Risk Loan
1446,60,High Risk Loan,Low Risk Loan
1447,6,High Risk Loan,Bad Loan
1448,77,Low Risk Loan,Good Loan
1449,38,Low Risk Loan,High Risk Loan
1450,55,Low Risk Loan,Low Risk Loan
1451,80,Good Loan,Good Loan
1452,44,Good Loan,Low Risk Loan
1453,93,Good Loan,Paid
1454,80,High Risk Loan,Good Loan
1455,27,High Risk Loan,High Risk Loan
1456,51,High Risk Loan,Low Risk Loan
1457,5,High Risk Loan,Bad Loan
1458,61,Low Risk Loan,Good Loan
1459,21,Low Risk Loan,High Risk Loan
1460,50,Low Risk Loan,Low Risk Loan
1461,65,Good Loan,Good Loan
1462,58,Good Loan,Low Risk Loan
1463,93,Good Loan,Paid
1464,77,High Risk Loan,Good Loan
1465,34,High Risk Loan,High Risk Loan
1466,41,High Risk Loan,Low Risk Loan
1467,18,High Risk Loan,Bad Loan
1468,69,Low Risk Loan,Good Loan
1469,31,Low Risk Loan,High Risk Loan
1470,59,Low Risk Loan,Low Risk Loan
1471,72,Good Loan,Good Loan
1472,48,Good Loan,Low Risk Loan
1473,92,Good Loan,Paid
1474,65,High Risk Loan,Good Loan
1475,40,High Risk Loan,High Risk Loan
1476,54,High Risk Loan,Low Risk Loan
1477,18,High Risk Loan,Bad Loan
1478,67,Low Risk Loan,Good Loan
1479,25,Low Risk Loan,High Risk Loan
1480,54,Low Risk Loan,Low Risk Loan
1481,78,Good Loan,Good Loan
1482,58,Good Loan,Low Risk Loan
1483,83,Good Loan,Paid
1484,65,High Risk Loan,Good Loan
1485,26,High Risk Loan,High Risk Loan
1486,53,High Risk Loan,Low Risk Loan
1487,13,High Risk Loan,Bad Loan
1488,68,Low Risk Loan,Good Loan
1489,37,Low Risk Loan,High Risk Loan
1490,53,Low Risk Loan,Low Risk Loan
1491,70,Good Loan,Good Loan
1492,47,Good Loan,Low Risk Loan
1493,84,Good Loan,Paid
1494,75,High Risk Loan,Good Loan
1495,36,High Risk Loan,High Risk Loan
1496,41,High Risk Loan,Low Risk Loan
1497,20,High Risk Loan,Bad Loan
1498,64,Low Risk Loan,Good Loan
1499,34,Low Risk Loan,High Risk Loan
1500,49,Low Risk Loan,Low Risk Loan
1501,72,Good Loan,Good Loan
1502,57,Good Loan,Low Risk Loan
1503,88,Good Loan,Paid
1504,66,High Risk Loan,Good Loan
1505,38,High Risk Loan,High Risk Loan
1506,47,High Risk Loan,Low Risk Loan
1507,19,High Risk Loan,Bad Loan
1508,63,Low Risk Loan,Good Loan
1509,32,Low Risk Loan,High Risk Loan
1510,54,Low Risk Loan,Low Risk Loan
1511,62,Good Loan,Good Loan
1512,60,Good Loan,Low Risk Loan
1513,95,Good Loan,Paid
1514,66,High Risk Loan,Good Loan
1515,22,High Risk Loan,High Risk Loan
1516,45,High Risk Loan,Low Risk Loan
1517,8,High Risk Loan,Bad Loan
1518,64,Low Risk Loan,Good Loan
1519,36,Low Risk Loan,High Risk Loan
1520,43,Low Risk Loan,Low Risk Loan
1521,77,Good Loan,Good Loan
1522,50,Good Loan,Low Risk Loan
1523,93,Good Loan,Paid
1524,76,High Risk Loan,Good Loan
1525,35,High Risk Loan,High Risk Loan
1526,43,High Risk Loan,Low Risk Loan
1527,9,High Risk Loan,Bad Loan
1528,74,Low Risk Loan,Good Loan
1529,27,Low Risk Loan,High Risk Loan
1530,47,Low Risk Loan,Low Risk Loan
1531,72,Good Loan,Good Loan
1532,56,Good Loan,Low Risk Loan
1533,86,Good Loan,Paid
1534,77,High Risk Loan,Good Loan
1535,40,High Risk Loan,High Risk Loan
1536,59,High Risk Loan,Low Risk Loan
1537,14,High Risk Loan,Bad Loan
1538,77,Low Risk Loan,Good Loan
1539,24,Low Risk Loan,High Risk Loan
1540,48,Low Risk Loan,Low Risk Loan
1541,66,Good Loan,Good Loan
1542,46,Good Loan,Low Risk Loan
1543,84,Good Loan,Paid
1544,73,High Risk Loan,Good Loan
1545,37,High Risk Loan,High Risk Loan
1546,41,High Risk Loan,Low Risk Loan
1547,6,High Risk Loan,Bad Loan
1548,79,Low Risk Loan,Good Loan
1549,39,Low Risk Loan,High Risk Loan
1550,47,Low Risk Loan,Low Risk Loan
1551,61,Good Loan,Good Loan
1552,46,Good Loan,Low Risk Loan
1553,86,Good Loan,Paid
1554,70,High Risk Loan,Good Loan
1555,28,High Risk Loan,High Risk Loan
1556,48,High Risk Loan,Low Risk Loan
1557,18,High Risk Loan,Bad Loan
1558,67,Low Risk Loan,Good Loan
1559,28,Low Risk Loan,High Risk Loan
1560,42,Low Risk Loan,Low Risk Loan
1561,67,Good Loan,Good Loan
1562,45,Good Loan,Low Risk Loan
1563,89,Good Loan,Paid
1564,70,High Risk Loan,Good Loan
1565,36,High Risk Loan,High Risk Loan
1566,41,High Risk Loan,Low Risk Loan
1567,19,High Risk Loan,Bad Loan
1568,77,Low Risk Loan,Good Loan
1569,29,Low Risk Loan,High Risk Loan
1570,43,Low Risk Loan,Low Risk Loan
1571,80,Good Loan,Good Loan
1572,56,Good Loan,Low Risk Loan
1573,83,Good Loan,Paid
1574,64,High Risk Loan,Good Loan
1575,26,High Risk Loan,High Risk Loan
1576,54,High Risk Loan,Low Risk Loan
1577,12,High Risk Loan,Bad Loan
1578,72,Low Risk Loan,Good Loan
1579,26,Low Risk Loan,High Risk Loan
1580,55,Low Risk Loan,Low Risk Loan
1581,77,Good Loan,Good Loan
1582,49,Good Loan,Low Risk Loan
1583,87,Good Loan,Paid
1584,65,High Risk Loan,Good Loan
1585,25,High Risk Loan,High Risk Loan
1586,45,High Risk Loan,Low Risk Loan
1587,6,High Risk Loan,Bad Loan
1588,79,Low Risk Loan,Good Loan
1589,25,Low Risk Loan,High Risk Loan
1590,49,Low Risk Loan,Low Risk Loan
1591,79,Good Loan,Good Loan
1592,59,Good Loan,Low Risk Loan
1593,90,Good Loan,Paid
1594,80,High Risk Loan,Good Loan
1595,30,High Risk Loan,High Risk Loan
1596,41,High Risk Loan,Low Risk Loan
1597,19,High Risk Loan,Bad Loan
1598,72,Low Risk Loan,Good Loan
1599,30,Low Risk Loan,High Risk Loan
1600,48,Low Risk Loan,Low Risk Loan
1601,73,Good Loan,Good Loan
1602,51,Good Loan,Low Risk Loan
1603,81,Good Loan,Paid
1604,74,High Risk Loan,Good Loan
1605,39,High Risk Loan,High Risk Loan
1606,50,High Risk Loan,Low Risk Loan
1607,7,High Risk Loan,Bad Loan
1608,65,Low Risk Loan,Good Loan
1609,32,Low Risk Loan,High Risk Loan
1610,41,Low Risk Loan,Low Risk Loan
1611,71,Good Loan,Good Loan
1612,58,Good Loan,Low Risk Loan
1613,82,Good Loan,Paid
1614,80,High Risk Loan,Good Loan
1615,36,High Risk Loan,High Risk Loan
1616,57,High Risk Loan,Low Risk Loan
1617,8,High Risk Loan,Bad Loan
1618,61,Low Risk Loan,Good Loan
1619,25,Low Risk Loan,High Risk Loan
1620,49,Low Risk Loan,Low Risk Loan
1621,77,Good Loan,Good Loan
1622,41,Good Loan,Low Risk Loan
1623,84,Good Loan,Paid
1624,62,High Risk Loan,Good Loan
1625,38,High Risk Loan,High Risk Loan
1626,60,High Risk Loan,Low Risk Loan
1627,18,High Risk Loan,Bad Loan
1628,76,Low Risk Loan,Good Loan
1629,24,Low Risk Loan,High Risk Loan
1630,55,Low Risk Loan,Low Risk Loan
1631,78,Good Loan,Good Loan
1632,57,Good Loan,Low Risk Loan
1633,81,Good Loan,Paid
1634,63,High Risk Loan,Good Loan
1635,25,High Risk Loan,High Risk Loan
1636,59,High Risk Loan,Low Risk Loan
1637,8,High Risk Loan,Bad Loan
1638,64,Low Risk Loan,Good Loan
1639,34,Low Risk Loan,High Risk Loan
1640,50,Low Risk Loan,Low Risk Loan
1641,73,Good Loan,Good Loan
1642,43,Good Loan,Low Risk Loan
1643,83,Good Loan,Paid
1644,74,High Risk Loan,Good Loan
1645,34,High Risk Loan,High Risk Loan
1646,58,High Risk Loan,Low Risk Loan
1647,12,High Risk Loan,Bad Loan
1648,70,Low Risk Loan,Good Loan
1649,25,Low Risk Loan,High Risk Loan
1650,57,Low Risk Loan,Low Risk Loan
1651,63,Good Loan,Good Loan
1652,41,Good Loan,Low Risk Loan
1653,89,Good Loan,Paid
1654,62,High Risk Loan,Good Loan
1655,36,High Risk Loan,High Risk Loan
1656,50,High Risk Loan,Low Risk Loan
1657,20,High Risk Loan,Bad Loan
1658,63,Low Risk Loan,Good Loan
1659,30,Low Risk Loan,High Risk Loan
1660,51,Low Risk Loan,Low Risk Loan
1661,79,Good Loan,Good Loan
1662,49,Good Loan,Low Risk Loan
1663,83,Good Loan,Paid
1664,64,High Risk Loan,Good Loan
1665,35,High Risk Loan,High Risk Loan
1666,58,High Risk Loan,Low Risk Loan
1667,15,High Risk Loan,Bad Loan
1668,63,Low Risk Loan,Good Loan
1669,28,Low Risk Loan,High Risk Loan
1670,58,Low Risk Loan,Low Risk Loan
1671,71,Good Loan,Good Loan
1672,42,Good Loan,Low Risk Loan
1673,95,Good Loan,Paid
1674,61,High Risk Loan,Good Loan
1675,26,High Risk Loan,High Risk Loan
1676,48,High Risk Loan,Low Risk Loan
1677,14,High Risk Loan,Bad Loan
1678,66,Low Risk Loan,Good Loan
1679,32,Low Risk Loan,High Risk Loan
1680,54,Low Risk Loan,Low Risk Loan
1681,78,Good Loan,Good Loan
1682,48,Good Loan,Low Risk Loan
1683,91,Good Loan,Paid
1684,63,High Risk Loan,Good Loan
1685,32,High Risk Loan,High Risk Loan
1686,43,High Risk Loan,Low Risk Loan
1687,15,High Risk Loan,Bad Loan
1688,76,Low Risk Loan,Good Loan
1689,29,Low Risk Loan,High Risk Loan
1690,60,Low Risk Loan,Low Risk Loan
1691,67,Good Loan,Good Loan
1692,42,Good Loan,Low Risk Loan
1693,87,Good Loan,Paid
1694,65,High Risk Loan,Good Loan
1695,38,High Risk Loan,High Risk Loan
1696,47,High Risk Loan,Low Risk Loan
1697,13,High Risk Loan,Bad Loan
1698,62,Low Risk Loan,Good Loan
1699,25,Low Risk Loan,High Risk Loan
1700,41,Low Risk Loan,Low Risk Loan
1701,67,Good Loan,Good Loan
1702,55,Good Loan,Low Risk Loan
1703,94,Good Loan,Paid
1704,76,High Risk Loan,Good Loan
1705,37,High Risk Loan,High Risk Loan
1706,43,High Risk Loan,Low Risk Loan
1707,14,High Risk Loan,Bad Loan
1708,69,Low Risk Loan,Good Loan
1709,25,Low Risk Loan,High Risk Loan
1710,59,Low Risk Loan,Low Risk Loan
1711,76,Good Loan,Good Loan
1712,56,Good Loan,Low Risk Loan
1713,85,Good Loan,Paid
1714,78,High Risk Loan,Good Loan
1715,26,High Risk Loan,High Risk Loan
1716,43,High Risk Loan,Low Risk Loan
1717,6,High Risk Loan,Bad Loan
1718,67,Low Risk Loan,Good Loan
1719,40,Low Risk Loan,High Risk Loan
1720,46,Low Risk Loan,Low Risk Loan
1721,75,Good Loan,Good Loan
1722,48,Good Loan,Low Risk Loan
1723,86,Good Loan,Paid
1724,68,High Risk Loan,Good Loan
1725,37,High Risk Loan,High Risk Loan
1726,55,High Risk Loan,Low Risk Loan
1727,15,High Risk Loan,Bad Loan
1728,71,Low Risk Loan,Good Loan
1729,26,Low Risk Loan,High Risk Loan
1730,43,Low Risk Loan,Low Risk Loan
1731,74,Good Loan,Good Loan
1732,57,Good Loan,Low Risk Loan
1733,82,Good Loan,Paid
1734,73,High Risk Loan,Good Loan
1735,34,High Risk Loan,High Risk Loan
1736,41,High Risk Loan,Low Risk Loan
1737,5,High Risk Loan,Bad Loan
1738,76,Low Risk Loan,Good Loan
1739,26,Low Risk Loan,High Risk Loan
1740,56,Low Risk Loan,Low Risk Loan
1741,77,Good Loan,Good Loan
1742,42,Good Loan,Low Risk Loan
1743,91,Good Loan,Paid
1744,77,High Risk Loan,Good Loan
1745,22,High Risk Loan,High Risk Loan
1746,46,High Risk Loan,Low Risk Loan
1747,17,High Risk Loan,Bad Loan
1748,75,Low Risk Loan,Good Loan
1749,23,Low Risk Loan,High Risk Loan
1750,44,Low Risk Loan,Low Risk Loan
1751,67,Good Loan,Good Loan
1752,59,Good Loan,Low Risk Loan
1753,95,Good Loan,Paid
1754,62,High Risk Loan,Good Loan
1755,37,High Risk Loan,High Risk Loan
1756,42,High Risk Loan,Low Risk Loan
1757,17,High Risk Loan,Bad Loan
1758,70,Low Risk Loan,Good Loan
1759,25,Low Risk Loan,High Risk Loan
1760,46,Low Risk Loan,Low Risk Loan
1761,78,Good Loan,Good Loan
1762,44,Good Loan,Low Risk Loan
1763,89,Good Loan,Paid
1764,79,High Risk Loan,Good Loan
1765,34,High Risk Loan,High Risk Loan
1766,48,High Risk Loan,Low Risk Loan
1767,17,High Risk Loan,Bad Loan
1768,80,Low Risk Loan,Good Loan
1769,23,Low Risk Loan,High Risk Loan
1770,45,Low Risk Loan,Low Risk Loan
1771,63,Good Loan,Good Loan
1772,58,Good Loan,Low Risk Loan
1773,88,Good Loan,Paid
1774,66,High Risk Loan,Good Loan
1775,32,High Risk Loan,High Risk Loan
1776,54,High Risk Loan,Low Risk Loan
1777,7,High Risk Loan,Bad Loan
1778,76,Low Risk Loan,Good Loan
1779,39,Low Risk Loan,High Risk Loan
1780,56,Low Risk Loan,Low Risk Loan
1781,71,Good Loan,Good Loan
1782,53,Good Loan,Low Risk Loan
1783,90,Good Loan,Paid
1784,66,High Risk Loan,Good Loan
1785,34,High Risk Loan,High Risk Loan
1786,56,High Risk Loan,Low Risk Loan
1787,13,High Risk Loan,Bad Loan
1788,77,Low Risk Loan,Good Loan
1789,21,Low Risk Loan,High Risk Loan
1790,51,Low Risk Loan,Low Risk Loan
1791,70,Good Loan,Good Loan
1792,55,Good Loan,Low Risk Loan
1793,83,Good Loan,Paid
1794,66,High Risk Loan,Good Loan
1795,32,High Risk Loan,High Risk Loan
1796,51,High Risk Loan,Low Risk Loan
1797,17,High Risk Loan,Bad Loan
1798,63,Low Risk Loan,Good Loan
1799,33,Low Risk Loan,High Risk Loan
1800,43,Low Risk Loan,Low Risk Loan
1801,66,Good Loan,Good Loan
1802,47,Good Loan,Low Risk Loan
1803,89,Good Loan,Paid
1804,71,High Risk Loan,Good Loan
1805,31,High Risk Loan,High Risk Loan
1806,53,High Risk Loan,Low Risk Loan
1807,20,High Risk Loan,Bad Loan
1808,65,Low Risk Loan,Good Loan
1809,37,Low Risk Loan,High Risk Loan
1810,48,Low Risk Loan,Low Risk Loan
1811,78,Good Loan,Good Loan
1812,54,Good Loan,Low Risk Loan
1813,95,Good Loan,Paid
1814,66,High Risk Loan,Good Loan
1815,39,High Risk Loan,High Risk Loan
1816,60,High Risk Loan,Low Risk Loan
1817,13,High Risk Loan,Bad Loan
1818,70,Low Risk Loan,Good Loan
1819,23,Low Risk Loan,High Risk Loan
1820,56,Low Risk Loan,Low Risk Loan
1821,66,Good Loan,Good Loan
1822,41,Good Loan,Low Risk Loan
1823,85,Good Loan,Paid
1824,75,High Risk Loan,Good Loan
1825,21,High Risk Loan,High Risk Loan
1826,44,High Risk Loan,Low Risk Loan
1827,13,High Risk Loan,Bad Loan
1828,80,Low Risk Loan,Good Loan
1829,37,Low Risk Loan,High Risk Loan
1830,56,Low Risk Loan,Low Risk Loan
1831,67,Good Loan,Good Loan
1832,58,Good Loan,Low Risk Loan
1833,91,Good Loan,Paid
1834,66,High Risk Loan,Good Loan
1835,38,High Risk Loan,High Risk Loan
1836,57,High Risk Loan,Low Risk Loan
1837,11,High Risk Loan,Bad Loan
1838,78,Low Risk Loan,Good Loan
1839,31,Low Risk Loan,High Risk Loan
1840,54,Low Risk Loan,Low Risk Loan
1841,75,Good Loan,Good Loan
1842,44,Good Loan,Low Risk Loan
1843,91,Good Loan,Paid
1844,71,High Risk Loan,Good Loan
1845,39,High Risk Loan,High Risk Loan
1846,46,High Risk Loan,Low Risk Loan
1847,14,High Risk Loan,Bad Loan
1848,70,Low Risk Loan,Good Loan
1849,39,Low Risk Loan,High Risk Loan
1850,58,Low Risk Loan,Low Risk Loan
1851,68,Good Loan,Good Loan
1852,46,Good Loan,Low Risk Loan
1853,95,Good Loan,Paid
1854,74,High Risk Loan,Good Loan
1855,30,High Risk Loan,High Risk Loan
1856,47,High Risk Loan,Low Risk Loan
1857,7,High Risk Loan,Bad Loan
1858,67,Low Risk Loan,Good Loan
1859,27,Low Risk Loan,High Risk Loan
1860,59,Low Risk Loan,Low Risk Loan
1861,69,Good Loan,Good Loan
1862,52,Good Loan,Low Risk Loan
1863,83,Good Loan,Paid
1864,63,High Risk Loan,Good Loan
1865,21,High Risk Loan,High Risk Loan
1866,50,High Risk Loan,Low Risk Loan
1867,20,High Risk Loan,Bad Loan
1868,67,Low Risk Loan,Good Loan
1869,31,Low Risk Loan,High Risk Loan
1870,53,Low Risk Loan,Low Risk Loan
1871,77,Good Loan,Good Loan
1872,51,Good Loan,Low Risk Loan
1873,91,Good Loan,Paid
1874,77,High Risk Loan,Good Loan
1875,25,High Risk Loan,High Risk Loan
1876,53,High Risk Loan,Low Risk Loan
1877,5,High Risk Loan,Bad Loan
1878,73,Low Risk Loan,Good Loan
1879,32,Low Risk Loan,High Risk Loan
1880,58,Low Risk Loan,Low Risk Loan
1881,77,Good Loan,Good Loan
1882,42,Good Loan,Low Risk Loan
1883,81,Good Loan,Paid
1884,69,High Risk Loan,Good Loan
1885,21,High Risk Loan,High Risk Loan
1886,42,High Risk Loan,Low Risk Loan
1887,14,High Risk Loan,Bad Loan
1888,76,Low Risk Loan,Good Loan
1889,36,Low Risk Loan,High Risk Loan
1890,44,Low Risk Loan,Low Risk Loan
1891,65,Good Loan,Good Loan
1892,91,Good Loan,Paid
1893,71,High Risk Loan,Good Loan
1894,37,High Risk Loan,High Risk Loan
1895,52,High Risk Loan,Low Risk Loan
1896,17,High Risk Loan,Bad Loan
1897,62,Low Risk Loan,Good Loan
1898,26,Low Risk Loan,High Risk Loan
1899,52,Low Risk Loan,Low Risk Loan
1900,78,Good Loan,Good Loan
1901,83,Good Loan,Paid
1902,74,High Risk Loan,Good Loan
1903,31,High Risk Loan,High Risk Loan
1904,55,High Risk Loan,Low Risk Loan
1905,9,High Risk Loan,Bad Loan
1906,67,Low Risk Loan,Good Loan
1907,33,Low Risk Loan,High Risk Loan
1908,41,Low Risk Loan,Low Risk Loan
1909,63,Good Loan,Good Loan
1910,86,Good Loan,Paid
1911,78,High Risk Loan,Good Loan
1912,29,High Risk Loan,High Risk Loan
1913,52,High Risk Loan,Low Risk Loan
1914,5,High Risk Loan,Bad Loan
1915,75,Low Risk Loan,Good Loan
1916,29,Low Risk Loan,High Risk Loan
1917,45,Low Risk Loan,Low Risk Loan
1918,61,Good Loan,Good Loan
1919,88,Good Loan,Paid
1920,70,High Risk Loan,Good Loan
1921,28,High Risk Loan,High Risk Loan
1922,43,High Risk Loan,Low Risk Loan
1923,14,High Risk Loan,Bad Loan
1924,70,Low Risk Loan,Good Loan
1925,24,Low Risk Loan,High Risk Loan
1926,60,Low Risk Loan,Low Risk Loan
1927,78,Good Loan,Good Loan
1928,94,Good Loan,Paid
1929,71,High Risk Loan,Good Loan
1930,39,High Risk Loan,High Risk Loan
1931,54,High Risk Loan,Low Risk Loan
1932,16,High Risk Loan,Bad Loan
1933,65,Low Risk Loan,Good Loan
1934,34,Low Risk Loan,High Risk Loan
1935,54,Low Risk Loan,Low Risk Loan
1936,70,Good Loan,Good Loan
1937,91,Good Loan,Paid
1938,62,High Risk Loan,Good Loan
1939,22,High Risk Loan,High Risk Loan
1940,45,High Risk Loan,Low Risk Loan
1941,17,High Risk Loan,Bad Loan
1942,77,Low Risk Loan,Good Loan
1943,23,Low Risk Loan,High Risk Loan
1944,42,Low Risk Loan,Low Risk Loan
1945,62,Good Loan,Good Loan
1946,89,Good Loan,Paid
1947,72,High Risk Loan,Good Loan
1948,21,High Risk Loan,High Risk Loan
1949,48,High Risk Loan,Low Risk Loan
1950,14,High Risk Loan,Bad Loan
1951,73,Low Risk Loan,Good Loan
1952,25,Low Risk Loan,High Risk Loan
1953,58,Low Risk Loan,Low Risk Loan
1954,66,Good Loan,Good Loan
1955,81,Good Loan,Paid
1956,77,High Risk Loan,Good Loan
1957,36,High Risk Loan,High Risk Loan
1958,60,High Risk Loan,Low Risk Loan
1959,18,High Risk Loan,Bad Loan
1960,77,Low Risk Loan,Good Loan
1961,30,Low Risk Loan,High Risk Loan
1962,43,Low Risk Loan,Low Risk Loan
1963,65,Good Loan,Good Loan
1964,88,Good Loan,Paid
1965,74,High Risk Loan,Good Loan
1966,39,High Risk Loan,High Risk Loan
1967,54,High Risk Loan,Low Risk Loan
1968,6,High Risk Loan,Bad Loan
1969,74,Low Risk Loan,Good Loan
1970,26,Low Risk Loan,High Risk Loan
1971,48,Low Risk Loan,Low Risk Loan
1972,65,Good Loan,Good Loan
1973,90,Good Loan,Paid
1974,63,High Risk Loan,Good Loan
1975,27,High Risk Loan,High Risk Loan
1976,43,High Risk Loan,Low Risk Loan
1977,18,High Risk Loan,Bad Loan
1978,67,Low Risk Loan,Good Loan
1979,21,Low Risk Loan,High Risk Loan
1980,53,Low Risk Loan,Low Risk Loan
1981,68,Good Loan,Good Loan
1982,92,Good Loan,Paid
1983,74,High Risk Loan,Good Loan
1984,30,High Risk Loan,High Risk Loan
1985,60,High Risk Loan,Low Risk Loan
1986,12,High Risk Loan,Bad Loan
1987,72,Low Risk Loan,Good Loan
1988,24,Low Risk Loan,High Risk Loan
1989,41,Low Risk Loan,Low Risk Loan
1990,70,Good Loan,Good Loan
1991,94,Good Loan,Paid
1992,68,High Risk Loan,Good Loan
1993,27,High Risk Loan,High Risk Loan
1994,60,High Risk Loan,Low Risk Loan
1995,16,High Risk Loan,Bad Loan
1996,65,Low Risk Loan,Good Loan
1997,31,Low Risk Loan,High Risk Loan
1998,52,Low Risk Loan,Low Risk Loan
1999,80,Good Loan,Good Loan
2000,95,Good Loan,Paid
2001,63,High Risk Loan,Good Loan
2002,21,High Risk Loan,High Risk Loan
2003,54,High Risk Loan,Low Risk Loan
2004,11,High Risk Loan,Bad Loan
2005,72,Low Risk Loan,Good Loan
2006,23,Low Risk Loan,High Risk Loan
2007,51,Low Risk Loan,Low Risk Loan
2008,80,Good Loan,Good Loan
2009,92,Good Loan,Paid
2010,77,High Risk Loan,Good Loan
2011,31,High Risk Loan,High Risk Loan
2012,42,High Risk Loan,Low Risk Loan
2013,9,High Risk Loan,Bad Loan
2014,74,Low Risk Loan,Good Loan
2015,31,Low Risk Loan,High Risk Loan
2016,43,Low Risk Loan,Low Risk Loan
2017,79,Good Loan,Good Loan
2018,89,Good Loan,Paid
2019,62,High Risk Loan,Good Loan
2020,24,High Risk Loan,High Risk Loan
2021,49,High Risk Loan,Low Risk Loan
2022,10,High Risk Loan,Bad Loan
2023,69,Low Risk Loan,Good Loan
2024,22,Low Risk Loan,High Risk Loan
2025,58,Low Risk Loan,Low Risk Loan
2026,75,Good Loan,Good Loan
2027,87,Good Loan,Paid
2028,68,High Risk Loan,Good Loan
2029,40,High Risk Loan,High Risk Loan
2030,60,High Risk Loan,Low Risk Loan
2031,19,High Risk Loan,Bad Loan
2032,70,Low Risk Loan,Good Loan
2033,26,Low Risk Loan,High Risk Loan
2034,53,Low Risk Loan,Low Risk Loan
2035,63,Good Loan,Good Loan
2036,86,Good Loan,Paid
2037,75,High Risk Loan,Good Loan
2038,38,High Risk Loan,High Risk Loan
2039,52,High Risk Loan,Low Risk Loan
2040,14,High Risk Loan,Bad Loan
2041,67,Low Risk Loan,Good Loan
2042,26,Low Risk Loan,High Risk Loan
2043,56,Low Risk Loan,Low Risk Loan
2044,64,Good Loan,Good Loan
2045,93,Good Loan,Paid
2046,61,High Risk Loan,Good Loan
2047,37,High Risk Loan,High Risk Loan
2048,57,High Risk Loan,Low Risk Loan
2049,11,High Risk Loan,Bad Loan
2050,80,Low Risk Loan,Good Loan
2051,28,Low Risk Loan,High Risk Loan
2052,44,Low Risk Loan,Low Risk Loan
2053,61,Good Loan,Good Loan
2054,85,Good Loan,Paid
2055,66,High Risk Loan,Good Loan
2056,31,High Risk Loan,High Risk Loan
2057,53,High Risk Loan,Low Risk Loan
2058,18,High Risk Loan,Bad Loan
2059,77,Low Risk Loan,Good Loan
2060,36,Low Risk Loan,High Risk Loan
2061,53,Low Risk Loan,Low Risk Loan
2062,72,Good Loan,Good Loan
2063,82,Good Loan,Paid
2064,77,High Risk Loan,Good Loan
2065,24,High Risk Loan,High Risk Loan
2066,46,High Risk Loan,Low Risk Loan
2067,12,High Risk Loan,Bad Loan
2068,63,Low Risk Loan,Good Loan
2069,25,Low Risk Loan,High Risk Loan
2070,51,Low Risk Loan,Low Risk Loan
2071,61,Good Loan,Good Loan
2072,95,Good Loan,Paid
2073,73,High Risk Loan,Good Loan
2074,39,High Risk Loan,High Risk Loan
2075,55,High Risk Loan,Low Risk Loan
2076,10,High Risk Loan,Bad Loan
2077,61,Low Risk Loan,Good Loan
2078,31,Low Risk Loan,High Risk Loan
2079,51,Low Risk Loan,Low Risk Loan
2080,73,Good Loan,Good Loan
2081,93,Good Loan,Paid
2082,68,High Risk Loan,Good Loan
2083,30,High Risk Loan,High Risk Loan
2084,43,High Risk Loan,Low Risk Loan
2085,17,High Risk Loan,Bad Loan
2086,72,Low Risk Loan,Good Loan
2087,28,Low Risk Loan,High Risk Loan
2088,43,Low Risk Loan,Low Risk Loan
2089,75,Good Loan,Good Loan
2090,88,Good Loan,Paid
2091,70,High Risk Loan,Good Loan
2092,30,High Risk Loan,High Risk Loan
2093,57,High Risk Loan,Low Risk Loan
2094,16,High Risk Loan,Bad Loan
2095,79,Low Risk Loan,Good Loan
2096,36,Low Risk Loan,High Risk Loan
2097,42,Low Risk Loan,Low Risk Loan
2098,77,Good Loan,Good Loan
2099,82,Good Loan,Paid
2100,73,High Risk Loan,Good Loan
2101,38,High Risk Loan,High Risk Loan
2102,51,High Risk Loan,Low Risk Loan
2103,13,High Risk Loan,Bad Loan
2104,68,Low Risk Loan,Good Loan
2105,26,Low Risk Loan,High Risk Loan
2106,47,Low Risk Loan,Low Risk Loan
2107,71,Good Loan,Good Loan
2108,93,Good Loan,Paid
2109,62,High Risk Loan,Good Loan
2110,24,High Risk Loan,High Risk Loan
2111,60,High Risk Loan,Low Risk Loan
2112,5,High Risk Loan,Bad Loan
2113,66,Low Risk Loan,Good Loan
2114,32,Low Risk Loan,High Risk Loan
2115,45,Low Risk Loan,Low Risk Loan
2116,72,Good Loan,Good Loan
2117,81,Good Loan,Paid
2118,71,High Risk Loan,Good Loan
2119,32,High Risk Loan,High Risk Loan
2120,43,High Risk Loan,Low Risk Loan
2121,7,High Risk Loan,Bad Loan
2122,76,Low Risk Loan,Good Loan
2123,38,Low Risk Loan,High Risk Loan
2124,41,Low Risk Loan,Low Risk Loan
2125,62,Good Loan,Good Loan
2126,95,Good Loan,Paid
2127,61,High Risk Loan,Good Loan
2128,35,High Risk Loan,High Risk Loan
2129,48,High Risk Loan,Low Risk Loan
2130,10,High Risk Loan,Bad Loan
2131,69,Low Risk Loan,Good Loan
2132,30,Low Risk Loan,High Risk Loan
2133,53,Low Risk Loan,Low Risk Loan
2134,67,Good Loan,Good Loan
2135,90,Good Loan,Paid
2136,70,High Risk Loan,Good Loan
2137,31,High Risk Loan,High Risk Loan
2138,59,High Risk Loan,Low Risk Loan
2139,9,High Risk Loan,Bad Loan
2140,79,Low Risk Loan,Good Loan
2141,25,Low Risk Loan,High Risk Loan
2142,44,Low Risk Loan,Low Risk Loan
2143,70,Good Loan,Good Loan
2144,93,Good Loan,Paid
2145,79,High Risk Loan,Good Loan
2146,23,High Risk Loan,High Risk Loan
2147,47,High Risk Loan,Low Risk Loan
2148,8,High Risk Loan,Bad Loan
2149,65,Low Risk Loan,Good Loan
2150,33,Low Risk Loan,High Risk Loan
2151,56,Low Risk Loan,Low Risk Loan
2152,66,Good Loan,Good Loan
2153,85,Good Loan,Paid
2154,70,High Risk Loan,Good Loan
2155,35,High Risk Loan,High Risk Loan
2156,50,High Risk Loan,Low Risk Loan
2157,6,High Risk Loan,Bad Loan
2158,65,Low Risk Loan,Good Loan
2159,27,Low Risk Loan,High Risk Loan
2160,60,Low Risk Loan,Low Risk Loan
2161,78,Good Loan,Good Loan
2162,91,Good Loan,Paid
2163,74,High Risk Loan,Good Loan
2164,35,High Risk Loan,High Risk Loan
2165,57,High Risk Loan,Low Risk Loan
2166,16,High Risk Loan,Bad Loan
2167,74,Low Risk Loan,Good Loan
2168,26,Low Risk Loan,High Risk Loan
2169,45,Low Risk Loan,Low Risk Loan
2170,70,Good Loan,Good Loan
2171,92,Good Loan,Paid
2172,67,High Risk Loan,Good Loan
2173,39,High Risk Loan,High Risk Loan
2174,41,High Risk Loan,Low Risk Loan
2175,19,High Risk Loan,Bad Loan
2176,71,Low Risk Loan,Good Loan
2177,37,Low Risk Loan,High Risk Loan
2178,51,Low Risk Loan,Low Risk Loan
2179,66,Good Loan,Good Loan
2180,84,Good Loan,Paid
2181,73,High Risk Loan,Good Loan
2182,35,High Risk Loan,High Risk Loan
2183,45,High Risk Loan,Low Risk Loan
2184,18,High Risk Loan,Bad Loan
2185,74,Low Risk Loan,Good Loan
2186,22,Low Risk Loan,High Risk Loan
2187,41,Low Risk Loan,Low Risk Loan
2188,80,Good Loan,Good Loan
2189,81,Good Loan,Paid
2190,67,High Risk Loan,Good Loan
2191,35,High Risk Loan,High Risk Loan
2192,47,High Risk Loan,Low Risk Loan
2193,5,High Risk Loan,Bad Loan
2194,65,Low Risk Loan,Good Loan
2195,21,Low Risk Loan,High Risk Loan
2196,47,Low Risk Loan,Low Risk Loan
2197,70,Good Loan,Good Loan
2198,88,Good Loan,Paid
2199,76,High Risk Loan,Good Loan
2200,35,High Risk Loan,High Risk Loan
2201,52,High Risk Loan,Low Risk Loan
2202,18,High Risk Loan,Bad Loan
2203,80,Low Risk Loan,Good Loan
2204,35,Low Risk Loan,High Risk Loan
2205,57,Low Risk Loan,Low Risk Loan
2206,69,Good Loan,Good Loan
2207,83,Good Loan,Paid
2208,70,High Risk Loan,Good Loan
2209,32,High Risk Loan,High Risk Loan
2210,55,High Risk Loan,Low Risk Loan
2211,19,High Risk Loan,Bad Loan
2212,71,Low Risk Loan,Good Loan
2213,24,Low Risk Loan,High Risk Loan
2214,52,Low Risk Loan,Low Risk Loan
2215,80,Good Loan,Good Loan
2216,84,Good Loan,Paid
2217,67,High Risk Loan,Good Loan
2218,31,High Risk Loan,High Risk Loan
2219,44,High Risk Loan,Low Risk Loan
2220,12,High Risk Loan,Bad Loan
2221,62,Low Risk Loan,Good Loan
2222,30,Low Risk Loan,High Risk Loan
2223,46,Low Risk Loan,Low Risk Loan
2224,75,Good Loan,Good Loan
2225,93,Good Loan,Paid
2226,66,High Risk Loan,Good Loan
2227,29,High Risk Loan,High Risk Loan
2228,55,High Risk Loan,Low Risk Loan
2229,20,High Risk Loan,Bad Loan
2230,72,Low Risk Loan,Good Loan
2231,21,Low Risk Loan,High Risk Loan
2232,60,Low Risk Loan,Low Risk Loan
2233,68,Good Loan,Good Loan
2234,95,Good Loan,Paid
2235,64,High Risk Loan,Good Loan
2236,34,High Risk Loan,High Risk Loan
2237,49,High Risk Loan,Low Risk Loan
2238,16,High Risk Loan,Bad Loan
2239,66,Low Risk Loan,Good Loan
2240,29,Low Risk Loan,High Risk Loan
2241,52,Low Risk Loan,Low Risk Loan
2242,70,Good Loan,Good Loan
2243,93,Good Loan,Paid
2244,71,High Risk Loan,Good Loan
2245,24,High Risk Loan,High Risk Loan
2246,44,High Risk Loan,Low Risk Loan
2247,16,High Risk Loan,Bad Loan
2248,68,Low Risk Loan,Good Loan
2249,33,Low Risk Loan,High Risk Loan
2250,58,Low Risk Loan,Low Risk Loan
2251,73,Good Loan,Good Loan
2252,95,Good Loan,Paid
2253,25,High Risk Loan,High Risk Loan
2254,19,High Risk Loan,Bad Loan
2255,68,Low Risk Loan,Good Loan
2256,48,Low Risk Loan,Low Risk Loan
2257,74,Good Loan,Good Loan
2258,89,Good Loan,Paid
2259,38,High Risk Loan,High Risk Loan
2260,18,High Risk Loan,Bad Loan
2261,64,Low Risk Loan,Good Loan
2262,45,Low Risk Loan,Low Risk Loan
2263,77,Good Loan,Good Loan
2264,90,Good Loan,Paid
2265,31,High Risk Loan,High Risk Loan
2266,20,High Risk Loan,Bad Loan
2267,79,Low Risk Loan,Good Loan
2268,44,Low Risk Loan,Low Risk Loan
2269,63,Good Loan,Good Loan
2270,93,Good Loan,Paid
2271,29,High Risk Loan,High Risk Loan
2272,5,High Risk Loan,Bad Loan
2273,73,Low Risk Loan,Good Loan
2274,46,Low Risk Loan,Low Risk Loan
2275,61,Good Loan,Good Loan
2276,85,Good Loan,Paid
2277,27,High Risk Loan,High Risk Loan
2278,5,High Risk Loan,Bad Loan
2279,72,Low Risk Loan,Good Loan
2280,59,Low Risk Loan,Low Risk Loan
2281,63,Good Loan,Good Loan
2282,88,Good Loan,Paid
2283,21,High Risk Loan,High Risk Loan
2284,13,High Risk Loan,Bad Loan
2285,78,Low Risk Loan,Good Loan
2286,43,Low Risk Loan,Low Risk Loan
2287,67,Good Loan,Good Loan
2288,88,Good Loan,Paid
2289,23,High Risk Loan,High Risk Loan
2290,15,High Risk Loan,Bad Loan
2291,68,Low Risk Loan,Good Loan
2292,42,Low Risk Loan,Low Risk Loan
2293,69,Good Loan,Good Loan
2294,95,Good Loan,Paid
2295,38,High Risk Loan,High Risk Loan
2296,16,High Risk Loan,Bad Loan
2297,69,Low Risk Loan,Good Loan
2298,55,Low Risk Loan,Low Risk Loan
2299,62,Good Loan,Good Loan
2300,87,Good Loan,Paid
2301,28,High Risk Loan,High Risk Loan
2302,13,High Risk Loan,Bad Loan
2303,68,Low Risk Loan,Good Loan
2304,55,Low Risk Loan,Low Risk Loan
2305,73,Good Loan,Good Loan
2306,86,Good Loan,Paid
2307,26,High Risk Loan,High Risk Loan
2308,18,High Risk Loan,Bad Loan
2309,63,Low Risk Loan,Good Loan
2310,60,Low Risk Loan,Low Risk Loan
2311,70,Good Loan,Good Loan
2312,87,Good Loan,Paid
2313,22,High Risk Loan,High Risk Loan
2314,10,High Risk Loan,Bad Loan
2315,75,Low Risk Loan,Good Loan
2316,42,Low Risk Loan,Low Risk Loan
2317,74,Good Loan,Good Loan
2318,95,Good Loan,Paid
2319,40,High Risk Loan,High Risk Loan
2320,18,High Risk Loan,Bad Loan
2321,75,Low Risk Loan,Good Loan
2322,42,Low Risk Loan,Low Risk Loan
2323,76,Good Loan,Good Loan
2324,82,Good Loan,Paid
2325,31,High Risk Loan,High Risk Loan
2326,10,High Risk Loan,Bad Loan
2327,63,Low Risk Loan,Good Loan
2328,49,Low Risk Loan,Low Risk Loan
2329,77,Good Loan,Good Loan
2330,93,Good Loan,Paid
2331,27,High Risk Loan,High Risk Loan
2332,17,High Risk Loan,Bad Loan
2333,80,Low Risk Loan,Good Loan
2334,53,Low Risk Loan,Low Risk Loan
2335,78,Good Loan,Good Loan
2336,82,Good Loan,Paid
2337,28,High Risk Loan,High Risk Loan
2338,18,High Risk Loan,Bad Loan
2339,68,Low Risk Loan,Good Loan
2340,53,Low Risk Loan,Low Risk Loan
2341,68,Good Loan,Good Loan
2342,88,Good Loan,Paid
2343,22,High Risk Loan,High Risk Loan
2344,15,High Risk Loan,Bad Loan
2345,71,Low Risk Loan,Good Loan
2346,60,Low Risk Loan,Low Risk Loan
2347,69,Good Loan,Good Loan
2348,93,Good Loan,Paid
2349,28,High Risk Loan,High Risk Loan
2350,10,High Risk Loan,Bad Loan
2351,61,Low Risk Loan,Good Loan
2352,42,Low Risk Loan,Low Risk Loan
2353,66,Good Loan,Good Loan
2354,86,Good Loan,Paid
2355,27,High Risk Loan,High Risk Loan
2356,18,High Risk Loan,Bad Loan
2357,79,Low Risk Loan,Good Loan
2358,59,Low Risk Loan,Low Risk Loan
2359,80,Good Loan,Good Loan
2360,95,Good Loan,Paid
2361,30,High Risk Loan,High Risk Loan
2362,19,High Risk Loan,Bad Loan
2363,70,Low Risk Loan,Good Loan
2364,47,Low Risk Loan,Low Risk Loan
2365,76,Good Loan,Good Loan
2366,83,Good Loan,Paid
2367,33,High Risk Loan,High Risk Loan
2368,14,High Risk Loan,Bad Loan
2369,79,Low Risk Loan,Good Loan
2370,59,Low Risk Loan,Low Risk Loan
2371,68,Good Loan,Good Loan
2372,83,Good Loan,Paid
2373,39,High Risk Loan,High Risk Loan
2374,61,Low Risk Loan,Good Loan
2375,47,Low Risk Loan,Low Risk Loan
2376,65,Good Loan,Good Loan
2377,85,Good Loan,Paid
2378,35,High Risk Loan,High Risk Loan
2379,76,Low Risk Loan,Good Loan
2380,57,Low Risk Loan,Low Risk Loan
2381,74,Good Loan,Good Loan
2382,94,Good Loan,Paid
2383,25,High Risk Loan,High Risk Loan
2384,69,Low Risk Loan,Good Loan
2385,52,Low Risk Loan,Low Risk Loan
2386,70,Good Loan,Good Loan
2387,87,Good Loan,Paid
2388,28,High Risk Loan,High Risk Loan
2389,79,Low Risk Loan,Good Loan
2390,45,Low Risk Loan,Low Risk Loan
2391,68,Good Loan,Good Loan
2392,88,Good Loan,Paid
2393,30,High Risk Loan,High Risk Loan
2394,79,Low Risk Loan,Good Loan
2395,42,Low Risk Loan,Low Risk Loan
2396,64,Good Loan,Good Loan
2397,93,Good Loan,Paid
2398,21,High Risk Loan,High Risk Loan
2399,75,Low Risk Loan,Good Loan
2400,41,Low Risk Loan,Low Risk Loan
2401,72,Good Loan,Good Loan
2402,95,Good Loan,Paid
2403,35,High Risk Loan,High Risk Loan
2404,78,Low Risk Loan,Good Loan
2405,42,Low Risk Loan,Low Risk Loan
2406,64,Good Loan,Good Loan
2407,87,Good Loan,Paid
2408,21,High Risk Loan,High Risk Loan
2409,74,Low Risk Loan,Good Loan
2410,53,Low Risk Loan,Low Risk Loan
2411,73,Good Loan,Good Loan
2412,94,Good Loan,Paid
2413,36,High Risk Loan,High Risk Loan
2414,73,Low Risk Loan,Good Loan
2415,52,Low Risk Loan,Low Risk Loan
2416,66,Good Loan,Good Loan
2417,94,Good Loan,Paid
2418,32,High Risk Loan,High Risk Loan
2419,66,Low Risk Loan,Good Loan
2420,51,Low Risk Loan,Low Risk Loan
2421,74,Good Loan,Good Loan
2422,95,Good Loan,Paid
2423,28,High Risk Loan,High Risk Loan
2424,71,Low Risk Loan,Good Loan
2425,52,Low Risk Loan,Low Risk Loan
2426,74,Good Loan,Good Loan
2427,94,Good Loan,Paid
2428,25,High Risk Loan,High Risk Loan
2429,67,Low Risk Loan,Good Loan
2430,58,Low Risk Loan,Low Risk Loan
2431,62,Good Loan,Good Loan
2432,91,Good Loan,Paid
2433,23,High Risk Loan,High Risk Loan
2434,73,Low Risk Loan,Good Loan
2435,55,Low Risk Loan,Low Risk Loan
2436,78,Good Loan,Good Loan
2437,84,Good Loan,Paid
2438,27,High Risk Loan,High Risk Loan
2439,80,Low Risk Loan,Good Loan
2440,50,Low Risk Loan,Low Risk Loan
2441,67,Good Loan,Good Loan
2442,82,Good Loan,Paid
2443,38,High Risk Loan,High Risk Loan
2444,69,Low Risk Loan,Good Loan
2445,54,Low Risk Loan,Low Risk Loan
2446,64,Good Loan,Good Loan
2447,91,Good Loan,Paid
2448,32,High Risk Loan,High Risk Loan
2449,65,Low Risk Loan,Good Loan
2450,50,Low Risk Loan,Low Risk Loan
2451,69,Good Loan,Good Loan
2452,91,Good Loan,Paid
2453,25,High Risk Loan,High Risk Loan
2454,80,Low Risk Loan,Good Loan
2455,45,Low Risk Loan,Low Risk Loan
2456,77,Good Loan,Good Loan
2457,83,Good Loan,Paid
2458,30,High Risk Loan,High Risk Loan
2459,69,Low Risk Loan,Good Loan
2460,45,Low Risk Loan,Low Risk Loan
2461,72,Good Loan,Good Loan
2462,93,Good Loan,Paid
2463,32,High Risk Loan,High Risk Loan
2464,68,Low Risk Loan,Good Loan
2465,47,Low Risk Loan,Low Risk Loan
2466,64,Good Loan,Good Loan
2467,87,Good Loan,Paid
2468,23,High Risk Loan,High Risk Loan
2469,75,Low Risk Loan,Good Loan
2470,42,Low Risk Loan,Low Risk Loan
2471,68,Good Loan,Good Loan
2472,91,Good Loan,Paid
2473,37,High Risk Loan,High Risk Loan
2474,64,Low Risk Loan,Good Loan
2475,49,Low Risk Loan,Low Risk Loan
2476,77,Good Loan,Good Loan
2477,93,Good Loan,Paid
2478,34,High Risk Loan,High Risk Loan
2479,72,Low Risk Loan,Good Loan
2480,54,Low Risk Loan,Low Risk Loan
2481,69,Good Loan,Good Loan
2482,88,Good Loan,Paid
2483,34,High Risk Loan,High Risk Loan
2484,61,Low Risk Loan,Good Loan
2485,49,Low Risk Loan,Low Risk Loan
2486,61,Good Loan,Good Loan
2487,82,Good Loan,Paid
2488,28,High Risk Loan,High Risk Loan
2489,71,Low Risk Loan,Good Loan
2490,42,Low Risk Loan,Low Risk Loan
2491,78,Good Loan,Good Loan
2492,91,Good Loan,Paid
2493,32,High Risk Loan,High Risk Loan
2494,72,Low Risk Loan,Good Loan
2495,53,Low Risk Loan,Low Risk Loan
2496,63,Good Loan,Good Loan
2497,81,Good Loan,Paid
2498,33,High Risk Loan,High Risk Loan
2499,75,Low Risk Loan,Good Loan
2500,56,Low Risk Loan,Low Risk Loan
2501,61,Good Loan,Good Loan
2502,93,Good Loan,Paid
2503,34,High Risk Loan,High Risk Loan
2504,77,Low Risk Loan,Good Loan
2505,57,Low Risk Loan,Low Risk Loan
2506,67,Good Loan,Good Loan
2507,85,Good Loan,Paid
2508,37,High Risk Loan,High Risk Loan
2509,79,Low Risk Loan,Good Loan
2510,60,Low Risk Loan,Low Risk Loan
2511,75,Good Loan,Good Loan
2512,87,Good Loan,Paid
2513,23,High Risk Loan,High Risk Loan
2514,77,Low Risk Loan,Good Loan
2515,57,Low Risk Loan,Low Risk Loan
2516,79,Good Loan,Good Loan
2517,92,Good Loan,Paid
2518,37,High Risk Loan,High Risk Loan
2519,62,Low Risk Loan,Good Loan
2520,49,Low Risk Loan,Low Risk Loan
2521,64,Good Loan,Good Loan
2522,89,Good Loan,Paid
2523,37,High Risk Loan,High Risk Loan
2524,76,Low Risk Loan,Good Loan
2525,42,Low Risk Loan,Low Risk Loan
2526,65,Good Loan,Good Loan
2527,93,Good Loan,Paid
2528,31,High Risk Loan,High Risk Loan
2529,74,Low Risk Loan,Good Loan
2530,55,Low Risk Loan,Low Risk Loan
2531,76,Good Loan,Good Loan
2532,89,Good Loan,Paid
2533,28,High Risk Loan,High Risk Loan
2534,75,Low Risk Loan,Good Loan
2535,55,Low Risk Loan,Low Risk Loan
2536,73,Good Loan,Good Loan
2537,84,Good Loan,Paid
2538,29,High Risk Loan,High Risk Loan
2539,76,Low Risk Loan,Good Loan
2540,55,Low Risk Loan,Low Risk Loan
2541,69,Good Loan,Good Loan
2542,90,Good Loan,Paid
2543,39,High Risk Loan,High Risk Loan
2544,80,Low Risk Loan,Good Loan
2545,51,Low Risk Loan,Low Risk Loan
2546,78,Good Loan,Good Loan
2547,84,Good Loan,Paid
2548,23,High Risk Loan,High Risk Loan
2549,71,Low Risk Loan,Good Loan
2550,55,Low Risk Loan,Low Risk Loan
2551,63,Good Loan,Good Loan
2552,85,Good Loan,Paid
2553,27,High Risk Loan,High Risk Loan
2554,61,Low Risk Loan,Good Loan
2555,46,Low Risk Loan,Low Risk Loan
2556,62,Good Loan,Good Loan
2557,85,Good Loan,Paid
2558,28,High Risk Loan,High Risk Loan
2559,63,Low Risk Loan,Good Loan
2560,48,Low Risk Loan,Low Risk Loan
2561,77,Good Loan,Good Loan
2562,92,Good Loan,Paid
2563,32,High Risk Loan,High Risk Loan
2564,78,Low Risk Loan,Good Loan
2565,54,Low Risk Loan,Low Risk Loan
2566,62,Good Loan,Good Loan
2567,82,Good Loan,Paid
2568,36,High Risk Loan,High Risk Loan
2569,80,Low Risk Loan,Good Loan
2570,60,Low Risk Loan,Low Risk Loan
2571,64,Good Loan,Good Loan
2572,37,High Risk Loan,High Risk Loan
2573,64,Low Risk Loan,Good Loan
2574,60,Low Risk Loan,Low Risk Loan
2575,72,Good Loan,Good Loan
2576,21,High Risk Loan,High Risk Loan
2577,67,Low Risk Loan,Good Loan
2578,59,Low Risk Loan,Low Risk Loan
2579,69,Good Loan,Good Loan
2580,24,High Risk Loan,High Risk Loan
2581,61,Low Risk Loan,Good Loan
2582,49,Low Risk Loan,Low Risk Loan
2583,78,Good Loan,Good Loan
2584,39,High Risk Loan,High Risk Loan
2585,76,Low Risk Loan,Good Loan
2586,47,Low Risk Loan,Low Risk Loan
2587,75,Good Loan,Good Loan
2588,40,High Risk Loan,High Risk Loan
2589,67,Low Risk Loan,Good Loan
2590,49,Low Risk Loan,Low Risk Loan
2591,74,Good Loan,Good Loan
2592,25,High Risk Loan,High Risk Loan
2593,80,Low Risk Loan,Good Loan
2594,58,Low Risk Loan,Low Risk Loan
2595,64,Good Loan,Good Loan
2596,26,High Risk Loan,High Risk Loan
2597,68,Low Risk Loan,Good Loan
2598,45,Low Risk Loan,Low Risk Loan
2599,67,Good Loan,Good Loan
2600,28,High Risk Loan,High Risk Loan
2601,64,Low Risk Loan,Good Loan
2602,41,Low Risk Loan,Low Risk Loan
2603,77,Good Loan,Good Loan
2604,39,High Risk Loan,High Risk Loan
2605,73,Low Risk Loan,Good Loan
2606,50,Low Risk Loan,Low Risk Loan
2607,61,Good Loan,Good Loan
2608,33,High Risk Loan,High Risk Loan
2609,78,Low Risk Loan,Good Loan
2610,48,Low Risk Loan,Low Risk Loan
2611,61,Good Loan,Good Loan
2612,34,High Risk Loan,High Risk Loan
2613,61,Low Risk Loan,Good Loan
2614,52,Low Risk Loan,Low Risk Loan
2615,66,Good Loan,Good Loan
2616,35,High Risk Loan,High Risk Loan
2617,71,Low Risk Loan,Good Loan
2618,57,Low Risk Loan,Low Risk Loan
2619,74,Good Loan,Good Loan
2620,37,High Risk Loan,High Risk Loan
2621,75,Low Risk Loan,Good Loan
2622,60,Low Risk Loan,Low Risk Loan
2623,61,Good Loan,Good Loan
2624,25,High Risk Loan,High Risk Loan
2625,79,Low Risk Loan,Good Loan
2626,53,Low Risk Loan,Low Risk Loan
2627,80,Good Loan,Good Loan
2628,34,High Risk Loan,High Risk Loan
2629,80,Low Risk Loan,Good Loan
2630,51,Low Risk Loan,Low Risk Loan
2631,78,Good Loan,Good Loan
2632,31,High Risk Loan,High Risk Loan
2633,68,Low Risk Loan,Good Loan
2634,60,Low Risk Loan,Low Risk Loan
2635,78,Good Loan,Good Loan
2636,35,High Risk Loan,High Risk Loan
2637,78,Low Risk Loan,Good Loan
2638,43,Low Risk Loan,Low Risk Loan
2639,71,Good Loan,Good Loan
2640,29,High Risk Loan,High Risk Loan
2641,74,Low Risk Loan,Good Loan
2642,48,Low Risk Loan,Low Risk Loan
2643,66,Good Loan,Good Loan
2644,32,High Risk Loan,High Risk Loan
2645,73,Low Risk Loan,Good Loan
2646,52,Low Risk Loan,Low Risk Loan
2647,63,Good Loan,Good Loan
2648,37,High Risk Loan,High Risk Loan
2649,80,Low Risk Loan,Good Loan
2650,51,Low Risk Loan,Low Risk Loan
2651,80,Good Loan,Good Loan
2652,29,High Risk Loan,High Risk Loan
2653,67,Low Risk Loan,Good Loan
2654,52,Low Risk Loan,Low Risk Loan
2655,65,Good Loan,Good Loan
2656,33,High Risk Loan,High Risk Loan
2657,79,Low Risk Loan,Good Loan
2658,52,Low Risk Loan,Low Risk Loan
2659,62,Good Loan,Good Loan
2660,27,High Risk Loan,High Risk Loan
2661,71,Low Risk Loan,Good Loan
2662,57,Low Risk Loan,Low Risk Loan
2663,65,Good Loan,Good Loan
2664,32,High Risk Loan,High Risk Loan
2665,72,Low Risk Loan,Good Loan
2666,59,Low Risk Loan,Low Risk Loan
2667,72,Good Loan,Good Loan
2668,36,High Risk Loan,High Risk Loan
2669,77,Low Risk Loan,Good Loan
2670,47,Low Risk Loan,Low Risk Loan
2671,63,Good Loan,Good Loan
2672,38,High Risk Loan,High Risk Loan
2673,67,Low Risk Loan,Good Loan
2674,50,Low Risk Loan,Low Risk Loan
2675,68,Good Loan,Good Loan
2676,30,High Risk Loan,High Risk Loan
2677,76,Low Risk Loan,Good Loan
2678,60,Low Risk Loan,Low Risk Loan
2679,64,Good Loan,Good Loan
2680,25,High Risk Loan,High Risk Loan
2681,79,Low Risk Loan,Good Loan
2682,49,Low Risk Loan,Low Risk Loan
2683,62,Good Loan,Good Loan
2684,36,High Risk Loan,High Risk Loan
2685,69,Low Risk Loan,Good Loan
2686,58,Low Risk Loan,Low Risk Loan
2687,67,Good Loan,Good Loan
2688,29,High Risk Loan,High Risk Loan
2689,66,Low Risk Loan,Good Loan
2690,51,Low Risk Loan,Low Risk Loan
2691,66,Good Loan,Good Loan
2692,40,High Risk Loan,High Risk Loan
2693,63,Low Risk Loan,Good Loan
2694,43,Low Risk Loan,Low Risk Loan
2695,76,Good Loan,Good Loan
2696,31,High Risk Loan,High Risk Loan
2697,70,Low Risk Loan,Good Loan
2698,51,Low Risk Loan,Low Risk Loan
2699,67,Good Loan,Good Loan
2700,39,High Risk Loan,High Risk Loan
2701,65,Low Risk Loan,Good Loan
2702,58,Low Risk Loan,Low Risk Loan
2703,79,Good Loan,Good Loan
2704,29,High Risk Loan,High Risk Loan
2705,72,Low Risk Loan,Good Loan
2706,57,Low Risk Loan,Low Risk Loan
2707,67,Good Loan,Good Loan
2708,30,High Risk Loan,High Risk Loan
2709,70,Low Risk Loan,Good Loan
2710,59,Low Risk Loan,Low Risk Loan
2711,62,Good Loan,Good Loan
2712,40,High Risk Loan,High Risk Loan
2713,61,Low Risk Loan,Good Loan
2714,47,Low Risk Loan,Low Risk Loan
2715,68,Good Loan,Good Loan
2716,38,High Risk Loan,High Risk Loan
2717,75,Low Risk Loan,Good Loan
2718,44,Low Risk Loan,Low Risk Loan
2719,63,Good Loan,Good Loan
2720,33,High Risk Loan,High Risk Loan
2721,64,Low Risk Loan,Good Loan
2722,48,Low Risk Loan,Low Risk Loan
2723,66,Good Loan,Good Loan
2724,27,High Risk Loan,High Risk Loan
2725,74,Low Risk Loan,Good Loan
2726,44,Low Risk Loan,Low Risk Loan
2727,68,Good Loan,Good Loan
2728,31,High Risk Loan,High Risk Loan
2729,71,Low Risk Loan,Good Loan
2730,48,Low Risk Loan,Low Risk Loan
2731,78,Good Loan,Good Loan
2732,21,High Risk Loan,High Risk Loan
2733,44,Low Risk Loan,Low Risk Loan
2734,64,Good Loan,Good Loan
2735,25,High Risk Loan,High Risk Loan
2736,59,Low Risk Loan,Low Risk Loan
2737,69,Good Loan,Good Loan
2738,29,High Risk Loan,High Risk Loan
2739,55,Low Risk Loan,Low Risk Loan
2740,73,Good Loan,Good Loan
2741,39,High Risk Loan,High Risk Loan
2742,50,Low Risk Loan,Low Risk Loan
2743,75,Good Loan,Good Loan
2744,26,High Risk Loan,High Risk Loan
2745,54,Low Risk Loan,Low Risk Loan
2746,78,Good Loan,Good Loan
2747,25,High Risk Loan,High Risk Loan
2748,46,Low Risk Loan,Low Risk Loan
2749,69,Good Loan,Good Loan
2750,37,High Risk Loan,High Risk Loan
2751,52,Low Risk Loan,Low Risk Loan
2752,77,Good Loan,Good Loan
2753,29,High Risk Loan,High Risk Loan
2754,45,Low Risk Loan,Low Risk Loan
2755,76,Good Loan,Good Loan
2756,38,High Risk Loan,High Risk Loan
2757,46,Low Risk Loan,Low Risk Loan
2758,68,Good Loan,Good Loan
2759,27,High Risk Loan,High Risk Loan
2760,44,Low Risk Loan,Low Risk Loan
2761,77,Good Loan,Good Loan
2762,24,High Risk Loan,High Risk Loan
2763,45,Low Risk Loan,Low Risk Loan
2764,65,Good Loan,Good Loan
2765,27,High Risk Loan,High Risk Loan
2766,57,Low Risk Loan,Low Risk Loan
2767,71,Good Loan,Good Loan
2768,24,High Risk Loan,High Risk Loan
2769,55,Low Risk Loan,Low Risk Loan
2770,66,Good Loan,Good Loan
2771,39,High Risk Loan,High Risk Loan
2772,60,Low Risk Loan,Low Risk Loan
2773,63,Good Loan,Good Loan
2774,37,High Risk Loan,High Risk Loan
2775,60,Low Risk Loan,Low Risk Loan
2776,66,Good Loan,Good Loan
2777,28,High Risk Loan,High Risk Loan
2778,60,Low Risk Loan,Low Risk Loan
2779,68,Good Loan,Good Loan
2780,35,High Risk Loan,High Risk Loan
2781,41,Low Risk Loan,Low Risk Loan
2782,75,Good Loan,Good Loan
2783,27,High Risk Loan,High Risk Loan
2784,52,Low Risk Loan,Low Risk Loan
2785,68,Good Loan,Good Loan
2786,21,High Risk Loan,High Risk Loan
2787,47,Low Risk Loan,Low Risk Loan
2788,75,Good Loan,Good Loan
2789,24,High Risk Loan,High Risk Loan
2790,42,Low Risk Loan,Low Risk Loan
2791,76,Good Loan,Good Loan
2792,47,Low Risk Loan,Low Risk Loan
2793,61,Good Loan,Good Loan
2794,45,Low Risk Loan,Low Risk Loan
2795,78,Good Loan,Good Loan
2796,48,Low Risk Loan,Low Risk Loan
2797,73,Good Loan,Good Loan
2798,43,Low Risk Loan,Low Risk Loan
2799,67,Good Loan,Good Loan
2800,59,Low Risk Loan,Low Risk Loan
2801,78,Good Loan,Good Loan
2802,57,Low Risk Loan,Low Risk Loan
2803,64,Good Loan,Good Loan
2804,58,Low Risk Loan,Low Risk Loan
2805,61,Good Loan,Good Loan
2806,48,Low Risk Loan,Low Risk Loan
2807,67,Good Loan,Good Loan
2808,42,Low Risk Loan,Low Risk Loan
2809,76,Good Loan,Good Loan
2810,54,Low Risk Loan,Low Risk Loan
2811,78,Good Loan,Good Loan
2812,52,Low Risk Loan,Low Risk Loan
2813,70,Good Loan,Good Loan
2814,45,Low Risk Loan,Low Risk Loan
2815,65,Good Loan,Good Loan
2816,53,Low Risk Loan,Low Risk Loan
2817,73,Good Loan,Good Loan
2818,46,Low Risk Loan,Low Risk Loan
2819,72,Good Loan,Good Loan
2820,42,Low Risk Loan,Low Risk Loan
2821,79,Good Loan,Good Loan
2822,41,Low Risk Loan,Low Risk Loan
2823,75,Good Loan,Good Loan
2824,59,Low Risk Loan,Low Risk Loan
2825,63,Good Loan,Good Loan
2826,49,Low Risk Loan,Low Risk Loan
2827,63,Good Loan,Good Loan
2828,46,Low Risk Loan,Low Risk Loan
2829,72,Good Loan,Good Loan
2830,41,Low Risk Loan,Low Risk Loan
2831,64,Good Loan,Good Loan
2832,48,Low Risk Loan,Low Risk Loan
2833,77,Good Loan,Good Loan
2834,49,Low Risk Loan,Low Risk Loan
2835,68,Good Loan,Good Loan
2836,43,Low Risk Loan,Low Risk Loan
2837,62,Good Loan,Good Loan
2838,58,Low Risk Loan,Low Risk Loan
2839,75,Good Loan,Good Loan
2840,41,Low Risk Loan,Low Risk Loan
2841,72,Good Loan,Good Loan
2842,42,Low Risk Loan,Low Risk Loan
2843,76,Good Loan,Good Loan
2844,48,Low Risk Loan,Low Risk Loan
2845,63,Good Loan,Good Loan
2846,59,Low Risk Loan,Low Risk Loan
2847,62,Good Loan,Good Loan
2848,55,Low Risk Loan,Low Risk Loan
2849,79,Good Loan,Good Loan
2850,57,Low Risk Loan,Low Risk Loan
2851,75,Good Loan,Good Loan
2852,41,Low Risk Loan,Low Risk Loan
2853,72,Good Loan,Good Loan
2854,48,Low Risk Loan,Low Risk Loan
2855,76,Good Loan,Good Loan
2856,51,Low Risk Loan,Low Risk Loan
2857,68,Good Loan,Good Loan
2858,50,Low Risk Loan,Low Risk Loan
2859,80,Good Loan,Good Loan
2860,44,Low Risk Loan,Low Risk Loan
2861,74,Good Loan,Good Loan
2862,51,Low Risk Loan,Low Risk Loan
2863,73,Good Loan,Good Loan
2864,55,Low Risk Loan,Low Risk Loan
2865,67,Good Loan,Good Loan
2866,45,Low Risk Loan,Low Risk Loan
2867,77,Good Loan,Good Loan
2868,54,Low Risk Loan,Low Risk Loan
2869,78,Good Loan,Good Loan
2870,48,Low Risk Loan,Low Risk Loan
2871,80,Good Loan,Good Loan
2872,42,Low Risk Loan,Low Risk Loan
2873,68,Good Loan,Good Loan
2874,53,Low Risk Loan,Low Risk Loan
2875,75,Good Loan,Good Loan
2876,56,Low Risk Loan,Low Risk Loan
2877,76,Good Loan,Good Loan
2878,53,Low Risk Loan,Low Risk Loan
2879,65,Good Loan,Good Loan
2880,44,Low Risk Loan,Low Risk Loan
2881,61,Good Loan,Good Loan
2882,48,Low Risk Loan,Low Risk Loan
2883,71,Good Loan,Good Loan
2884,55,Low Risk Loan,Low Risk Loan
2885,65,Good Loan,Good Loan
2886,48,Low Risk Loan,Low Risk Loan
2887,76,Good Loan,Good Loan
2888,47,Low Risk Loan,Low Risk Loan
2889,79,Good Loan,Good Loan
2890,48,Low Risk Loan,Low Risk Loan
2891,64,Good Loan,Good Loan
2892,57,Low Risk Loan,Low Risk Loan
2893,80,Good Loan,Good Loan
2894,43,Low Risk Loan,Low Risk Loan
2895,77,Good Loan,Good Loan
2896,50,Low Risk Loan,Low Risk Loan
2897,74,Good Loan,Good Loan
2898,56,Low Risk Loan,Low Risk Loan
2899,69,Good Loan,Good Loan
2900,53,Low Risk Loan,Low Risk Loan
2901,80,Good Loan,Good Loan
2902,53,Low Risk Loan,Low Risk Loan
2903,67,Good Loan,Good Loan
2904,56,Low Risk Loan,Low Risk Loan
2905,69,Good Loan,Good Loan
2906,45,Low Risk Loan,Low Risk Loan
2907,67,Good Loan,Good Loan
2908,51,Low Risk Loan,Low Risk Loan
2909,72,Good Loan,Good Loan
2910,56,Low Risk Loan,Low Risk Loan
2911,78,Good Loan,Good Loan
2912,72,Good Loan,Good Loan
2913,75,Good Loan,Good Loan
2914,75,Good Loan,Good Loan
2915,68,Good Loan,Good Loan
2916,66,Good Loan,Good Loan
2917,71,Good Loan,Good Loan
2918,76,Good Loan,Good Loan
2919,67,Good Loan,Good Loan
2920,71,Good Loan,Good Loan
2921,76,Good Loan,Good Loan
2922,63,Good Loan,Good Loan
2923,66,Good Loan,Good Loan
2924,62,Good Loan,Good Loan
2925,61,Good Loan,Good Loan
2926,78,Good Loan,Good Loan
2927,69,Good Loan,Good Loan
2928,80,Good Loan,Good Loan
2929,62,Good Loan,Good Loan
2930,67,Good Loan,Good Loan
2931,80,Good Loan,Good Loan
2932,64,Good Loan,Good Loan
2933,71,Good Loan,Good Loan
2934,70,Good Loan,Good Loan
2935,76,Good Loan,Good Loan
2936,71,Good Loan,Good Loan
2937,62,Good Loan,Good Loan
2938,75,Good Loan,Good Loan
2939,71,Good Loan,Good Loan
2940,73,Good Loan,Good Loan
2941,76,Good Loan,Good Loan
2942,69,Good Loan,Good Loan
2943,80,Good Loan,Good Loan
2944,71,Good Loan,Good Loan
2945,74,Good Loan,Good Loan
2946,65,Good Loan,Good Loan
2947,70,Good Loan,Good Loan
2948,70,Good Loan,Good Loan
2949,66,Good Loan,Good Loan
2950,70,Good Loan,Good Loan
2951,70,Good Loan,Good Loan
2952,79,Good Loan,Good Loan
2953,73,Good Loan,Good Loan
2954,67,Good Loan,Good Loan
2955,72,Good Loan,Good Loan
2956,78,Good Loan,Good Loan
2957,61,Good Loan,Good Loan
2958,75,Good Loan,Good Loan
2959,62,Good Loan,Good Loan
2960,75,Good Loan,Good Loan
2961,78,Good Loan,Good Loan
2962,67,Good Loan,Good Loan
2963,63,Good Loan,Good Loan
2964,65,Good Loan,Good Loan
2965,78,Good Loan,Good Loan
2966,79,Good Loan,Good Loan
2967,79,Good Loan,Good Loan
2968,80,Good Loan,Good Loan
2969,69,Good Loan,Good Loan
2970,80,Good Loan,Good Loan
2971,61,Good Loan,Good Loan
2972,66,Good Loan,Good Loan
2973,75,Good Loan,Good Loan
2974,76,Good Loan,Good Loan
2975,71,Good Loan,Good Loan
2976,71,Good Loan,Good Loan
2977,63,Good Loan,Good Loan
2978,80,Good Loan,Good Loan
2979,72,Good Loan,Good Loan
2980,65,Good Loan,Good Loan
2981,76,Good Loan,Good Loan
2982,71,Good Loan,Good Loan
2983,74,Good Loan,Good Loan
2984,80,Good Loan,Good Loan
2985,76,Good Loan,Good Loan
2986,61,Good Loan,Good Loan
2987,69,Good Loan,Good Loan
2988,62,Good Loan,Good Loan
2989,70,Good Loan,Good Loan
2990,74,Good Loan,Good Loan
2991,68,Good Loan,Good Loan
2992,63,Good Loan,Good Loan
2993,66,Good Loan,Good Loan
2994,75,Good Loan,Good Loan
2995,70,Good Loan,Good Loan
2996,71,Good Loan,Good Loan
2997,78,Good Loan,Good Loan
2998,64,Good Loan,Good Loan
2999,62,Good Loan,Good Loan
3000,66,Good Loan,Good Loan
